repo_path,i_owner_type,i_stargazers,instructions,multi_process_tool,type
laikacultural/spaceport,Organization,4,22,supervisord,cmd
twillouer/mydocker,User,9,17,supervisord,cmd
LuaDist2/vanilla,Organization,0,25,supervisord,cmd
ChristianKniep/docker-monster,User,5,53,supervisord,cmd
socketplane/docker-ovs,Organization,115,22,supervisord,cmd
hemslo/dockerfiles,User,3,17,supervisord,cmd
justinlhudson/Dockerfiles,User,0,20,supervisord,cmd
ambling/hadoop-docker,User,1,8,supervisord,cmd
Cantara/ConfigService,Organization,1,33,supervisord,cmd
ojio/docker-images,Organization,0,7,supervisord,cmd
gmarcotte3/georgesrepos,User,0,25,supervisord,cmd
sysdia-solutions/thumbifier,Organization,1,8,supervisord,cmd
altran/_Whydah,Organization,1,55,supervisord,cmd
laikacultural/spaceport,Organization,4,27,supervisord,cmd
Marc-Calis/shimmer,User,0,37,supervisord,cmd
jsilence/docker-nginx-owncloud6-supervisord,User,3,23,supervisord,cmd
pauldavidgilligan-msm/docker-centos6-ejbca-service,User,1,37,supervisord,cmd
emccode/HeliosBurn,Organization,9,13,supervisord,cmd
nhantran/docker-images,User,0,89,supervisord,cmd
msopentechcn/open-hackathon,Organization,17,26,supervisord,cmd
mgkwill/docker-openvswitch,User,1,22,supervisord,cmd
jsilence/docker-nginx-owncloud6-supervisord,User,3,23,supervisord,cmd
Marc-Calis/shimmer,User,0,37,supervisord,cmd
pauldavidgilligan-msm/docker-centos6-ejbca-service,User,1,37,supervisord,cmd
emccode/HeliosBurn,Organization,9,13,supervisord,cmd
nhantran/docker-images,User,0,89,supervisord,cmd
msopentechcn/open-hackathon,Organization,17,26,supervisord,cmd
socketplane/docker-ovs,Organization,115,22,supervisord,cmd
kmkanagaraj/skyring-vagrant,User,0,24,supervisord,cmd
Sitback/docker-containers,Organization,1,11,supervisord,cmd
noeljarencio/Docker-Centos7-httpd,User,0,18,supervisord,cmd
indiehosters/docker-spamassassin,Organization,0,10,supervisord,cmd
catatnight/docker-utils,User,1,12,supervisord,cmd
fxmartin/docker-sshd-nginx,User,0,29,supervisord,cmd
jplock/haraka-http-forward,User,10,23,supervisord,cmd
dtag-dev-sec/honeytrap,Organization,5,24,supervisord,cmd
minatsu/docker,User,0,59,supervisord,cmd
minatsu/docker,User,0,59,supervisord,cmd
marchandd/term_ssh_user_firefox,User,2,15,supervisord,cmd
autodesk-cloud/ochothon,Organization,53,13,supervisord,cmd
ChristianKniep/centos6-compute,User,0,47,supervisord,cmd
sedsimon/docker-supervisord,User,0,6,supervisord,cmd
Jooho/sample-docker,User,1,30,supervisord,cmd
looztra/dockerfiles,User,2,7,supervisord,cmd
gislab-npo/gislab-ng,Organization,0,12,supervisord,cmd
asm-products/runbook-ops,Organization,12,17,supervisord,cmd
johanberglind/docker-flask-nginx,User,2,21,supervisord,cmd
magnetikonline/dockerhtml5validator,User,46,17,supervisord,cmd
akanto/dockerfiles,User,0,17,supervisord,cmd
kwk/docker-registry-setup,User,60,20,supervisord,cmd
blang/pushr,User,0,10,supervisord,cmd
Robpol86/FlashAirMusic,User,0,10,system.d,cmd
mko-x/docker-picture-gallery,User,2,40,supervisord,cmd
benc/debian-vagrant,User,0,18,supervisord,cmd
ruimo/df-ub1404-nginx-mainline,User,0,32,monit,cmd
willmurnane/Magstock-food-calculations,User,1,29,supervisord,cmd
google/git-appraise-web,Organization,25,20,supervisord,cmd
altran/_Whydah,Organization,1,28,supervisord,cmd
relateiq/docker_public,Organization,206,19,supervisord,cmd
EmergingTechnologyInstitute/acmeair-netflixoss-dockerlocal,Organization,33,6,supervisord,cmd
ogarcia/docker-taskd,User,3,11,s6,cmd
mitel/orientdb-docker,User,0,18,supervisord,cmd
hideakihal/docker-fig-redmine,User,0,28,supervisord,cmd
madkom/docker,Organization,5,48,supervisord,cmd
Kahn/docker-sks,User,0,26,supervisord,cmd
viki-org/storm-docker,Organization,41,5,supervisord,cmd
liverbool/docker-php56-fpm,User,0,14,supervisord,cmd
wurstmeister/storm-docker,User,183,10,supervisord,cmd
armedpot/ARMedPOT,User,3,35,supervisord,cmd
muccg/docker-openstack,Organization,4,8,supervisord,cmd
fabric8io/gofabric8,Organization,70,14,supervisord,cmd
EconomistDigitalSolutions/goberry,Organization,5,12,supervisord,cmd
cpswan/dockerfiles,User,2,27,supervisord,cmd
elarasu/weave-supervisord,User,0,9,supervisord,cmd
sebasmagri/docker-marconi,User,0,14,supervisord,cmd
thewtex/docker-opengl,User,36,6,supervisord,cmd
ministryofjustice/laa-legal-adviser-api,Organization,0,22,supervisord,cmd
Dockerlover/docker-java,Organization,0,16,supervisord,cmd
Dockerlover/docker-angularjs,Organization,0,13,supervisord,cmd
autodesk-cloud/ci-ochopod,Organization,7,17,supervisord,cmd
qnib/rpi-supervisor,Organization,0,9,supervisord,cmd
eryxlee/docker,User,1,16,supervisord,cmd
clayrichardson/phabridocker,User,0,8,supervisord,cmd
parente/dockerfiles,User,23,22,supervisord,cmd
newbdez33/fangzhou-docker,User,0,16,supervisord,cmd
dockhippie/owncloud,Organization,0,18,s6,cmd
michael-os/debian-nginx-php5-fpm,User,0,13,supervisord,cmd
jurajmatus/dps-dynamo,User,1,31,supervisord,cmd
EmergingTechnologyInstitute/acmeair-netflixoss-dockerlocal,Organization,33,7,supervisord,cmd
catatnight/docker-stack,User,0,15,supervisord,cmd
ChristianKniep/docker-graphite-web,User,1,27,supervisord,cmd
wglass/lighthouse,User,12,13,supervisord,cmd
jeremiehuchet/docker-proxy-relay,User,0,14,supervisord,cmd
EmergingTechnologyInstitute/acmeair-netflixoss-dockerlocal,Organization,33,7,supervisord,cmd
catatnight/docker-stack,User,0,15,supervisord,cmd
ChristianKniep/docker-graphite-web,User,1,27,supervisord,cmd
wglass/lighthouse,User,12,13,supervisord,cmd
jeremiehuchet/docker-proxy-relay,User,0,14,supervisord,cmd
nihildeb/happymoose-docker,User,0,13,supervisord,cmd
nihildeb/dock,User,0,4,supervisord,cmd
n3r0-ch/shareIt,User,1,21,upstart,cmd
vaultsystems/docker-postfix-sink,Organization,1,8,supervisord,cmd
xjchengo/docker-nginx-php,User,1,12,supervisord,cmd
k2s/dockerfiles,User,6,16,supervisord,cmd
mikekunze/gitlab-docker,User,0,20,supervisord,cmd
rworksjp/docker-compose-osc2016-tokyo-spring,Organization,1,14,supervisord,cmd
3846masa/Rich-Custard,User,2,9,supervisord,cmd
rattuscz/docker-postfix,User,0,20,supervisord,cmd
EmergingTechnologyInstitute/acmeair-netflixoss-dockerlocal,Organization,33,7,supervisord,cmd
codekoala/docker-ssh,User,0,6,s6,cmd
esnet/docker,Organization,5,16,supervisord,cmd
Jooho/sample-docker,User,1,15,supervisord,cmd
obsrvbl/ona,Organization,0,22,supervisord,cmd
andrewskaggs/lunch-tools,User,1,9,supervisord,cmd
borislav-draganov/Nginx-Updater,User,0,9,supervisord,cmd
codewerft/docker.webinstance,Organization,0,15,supervisord,cmd
Liaodd/dockerfiles,User,1,8,supervisord,cmd
david-guenault/docker-projects,User,0,9,supervisord,cmd
vOROn200/smtp_relay,User,0,10,supervisord,cmd
edilio/citiesprj,User,1,18,supervisord,cmd
mgkwill/docker-openvswitch,User,1,22,supervisord,cmd
Kahn/docker-sks,User,0,39,supervisord,cmd
ariarijp/dockerfiles,User,1,16,supervisord,cmd
hamiltont/hadoop-docker,User,0,18,supervisord,cmd
EmergingTechnologyInstitute/acmeair-netflixoss-dockerlocal,Organization,33,7,supervisord,cmd
laikacultural/spaceport,Organization,4,26,supervisord,cmd
fxmartin/docker-h2-server,User,0,22,supervisord,cmd
hyone/my_docker_rake,User,6,13,supervisord,cmd
VikParuchuri/apartment-finder,User,778,14,supervisord,cmd
jdelacasa/docker-eyeOS_1.9,User,1,27,supervisord,cmd
comunes/docker-kune,Organization,3,65,supervisord,cmd
cburki/docker-btsync,User,0,17,s6,cmd
0x20h/docker-disque,User,0,13,supervisord,cmd
altran/_Whydah,Organization,1,35,supervisord,cmd
Sinar/docker-proxy,Organization,5,12,supervisord,cmd
lisagail/petulant-octo-computing-machine,User,0,22,supervisord,cmd
socketplane/docker-ovs,Organization,115,22,supervisord,cmd
theit8514/arch-sslca,User,0,24,supervisord,cmd
RobLoach/Dockie,User,45,10,supervisord,cmd
laikacultural/spaceport,Organization,4,22,supervisord,cmd
martin-magakian/dockyum,User,2,21,supervisord,cmd
HiveOSS-Dockers/s3fs,Organization,2,14,supervisord,cmd
Odania-IT/phpmyadmin-docker,Organization,1,14,supervisord,cmd
su-as/uhoh-docker,Organization,0,28,supervisord,cmd
eljefedelrodeodeljefe/randy-knife,User,0,19,supervisord,cmd
radcheb/rstudio-server-docker,User,0,11,supervisord,cmd
wilsonianb/rippled-validator,User,0,18,supervisord,cmd
hemavathyn/docker-nginx,User,0,15,supervisord,cmd
intersvyaz/docker-debian8-lnpm,Organization,3,19,supervisord,cmd
pauldavidgilligan-msm/docker-centos6-puppet-ruby215,User,0,16,supervisord,cmd
marceloandrader/dockerfiles,User,0,2,supervisord,cmd
su-as/uhoh-docker,Organization,0,28,supervisord,cmd
su-as/uhoh-docker,Organization,0,28,supervisord,cmd
radcheb/rstudio-server-docker,User,0,11,supervisord,cmd
eljefedelrodeodeljefe/randy-knife,User,0,19,supervisord,cmd
wilsonianb/rippled-validator,User,0,18,supervisord,cmd
intersvyaz/docker-debian8-lnpm,Organization,3,19,supervisord,cmd
hemavathyn/docker-nginx,User,0,15,supervisord,cmd
pauldavidgilligan-msm/docker-centos6-puppet-ruby215,User,0,16,supervisord,cmd
marceloandrader/dockerfiles,User,0,2,supervisord,cmd
peterreisz/docker-containers,User,0,23,supervisord,cmd
isaachbn/docker-notify-api,User,6,23,supervisord,cmd
pulcy/ha-redis,Organization,1,14,supervisord,cmd
Fendoe/open-hackathon-o,User,0,26,supervisord,cmd
Annixa/dockerlab-lab,Organization,0,9,supervisord,cmd
abn/dockerfiles,User,1,13,supervisord,cmd
CrakLabs/skeleton-service,Organization,0,21,supervisord,cmd
fspc/ybdb,User,0,10,supervisord,cmd
sinfere/dockerfile,User,0,22,supervisord,cmd
andresriancho/django-uwsgi-nginx-ssh,User,2,42,supervisord,cmd
allisson/dockerfiles,User,1,29,supervisord,cmd
Jooho/sample-docker,User,1,25,supervisord,cmd
raphiz/docker-ubuntu-cron,User,4,13,supervisord,cmd
creative-area/docker-graphite,Organization,1,33,supervisord,cmd
nhantran/docker-images,User,0,12,supervisord,cmd
doctimjones/docker-c9-workstation,User,0,28,supervisord,cmd
jbrechtel/riff,User,0,15,supervisord,cmd
chtiJBUG/drools-platform-docker-withexamples,Organization,1,11,supervisord,cmd
4GkitIoT/Summer-2015-kits,User,3,22,supervisord,cmd
atsaki/docker-cloudstack,User,0,3,supervisord,cmd
EmergingTechnologyInstitute/acmeair-netflixoss-dockerlocal,Organization,33,8,supervisord,cmd
EmergingTechnologyInstitute/acmeair-netflixoss-dockerlocal,Organization,33,8,supervisord,cmd
laikacultural/spaceport,Organization,4,25,supervisord,cmd
socketplane/docker-ovs,Organization,115,22,supervisord,cmd
srounet/docker-nodebb,User,0,29,supervisord,cmd
mgkwill/docker-openvswitch,User,1,29,supervisord,cmd
jmaher/alert_manager,User,8,13,supervisord,cmd
fedora-cloud/Fedora-Dockerfiles,Organization,307,48,supervisord,cmd
whlee21/docker,User,1,26,supervisord,cmd
hrwebasst/docker-learninglocker,User,0,15,supervisord,cmd
Suvitruf/docker-grafana-graphite-diamond,User,5,48,supervisord,cmd
docker-linux/docker-rundeck,User,1,16,supervisord,cmd
kawanamiyuu/docker-centos-supervisord,User,3,10,supervisord,cmd
peleteiro/bandit-server,User,7,12,s6,cmd
Tairy/dockerfiles,User,1,14,supervisord,cmd
quickbundle/dockerfile,User,0,11,supervisord,cmd
ryankanno/docker-etcd,User,1,29,supervisord,cmd
danidemi/docker-cms,User,0,25,supervisord,cmd
linkthrow/docker-supervisor,User,0,5,supervisord,cmd
phpmentors-jp/docker-images,Organization,17,37,supervisord,cmd
theikkila/urlid,User,3,19,supervisord,cmd
zdw/xos,User,0,21,supervisord,cmd
codewerft/docker.mysql,Organization,0,16,supervisord,cmd
codekoala/docker-s6,User,1,5,s6,cmd
keyz182/Postwycker,User,0,15,supervisord,cmd
dustyfresh/OnionIRC,User,28,13,supervisord,cmd
socketplane/docker-ovs,Organization,115,22,supervisord,cmd
fspc/freehub,User,1,9,supervisord,cmd
socketplane/docker-ovs,Organization,115,22,supervisord,cmd
skippy/docker-base,User,0,20,supervisord,cmd
classcat/docker-postfix,User,0,8,supervisord,cmd
adsabs/adsabs-vagrant,Organization,0,15,supervisord,cmd
dtravin/ftpsync,User,0,11,supervisord,cmd
yodlr/glance,Organization,0,13,supervisord,cmd
WIZARD-CXY/dockerCF,User,0,15,supervisord,cmd
muccg/docker-openstack,Organization,4,8,supervisord,cmd
jumanjiman/docker-xrdp,User,9,11,supervisord,cmd
phelset/docker-osticket,User,0,27,supervisord,cmd
foogaro/docker-httpd-eap-6,User,0,23,supervisord,cmd
jmarin/devops,User,0,15,supervisord,cmd
Dockerlover/docker-lamp,Organization,0,19,supervisord,cmd
yisheng/docker-jobtong-dev,User,3,4,supervisord,cmd
JustinHook/royal-mail-price-api,User,5,22,supervisord,cmd
paulbellamy/go-ndn,User,0,26,supervisord,cmd
CS497-F15/sensu,Organization,0,41,supervisord,cmd
gelnior/newebe,User,100,19,supervisord,cmd
bau-sec/ansible-openvpn-hardened,User,2,22,system.d,cmd
Rohithzr/cloud9-auto,User,0,31,supervisord,cmd
romanlv/docker-testopia,User,1,40,supervisord,cmd
socketplane/docker-ovs,Organization,115,22,supervisord,cmd
mrl1n/Dockerfiles,User,0,16,supervisord,cmd
ChristianKniep/docker-graphite-api,Organization,1,11,supervisord,cmd
atsaki/docker-cloudstack,User,0,3,supervisord,cmd
Karm/sinkit-resolver,User,0,30,supervisord,cmd
laikacultural/spaceport,Organization,4,29,supervisord,cmd
igaki/Dockerfiles,User,0,11,monit,cmd
edannenberg/gentoo-bb,User,48,10,s6,cmd
edannenberg/gentoo-bb,User,48,10,s6,cmd
arkanus/dockerfiles,User,0,9,supervisord,cmd
mogproject/dockerfiles,User,0,14,supervisord,cmd
mrucci/cubismino,User,2,18,supervisord,cmd
brijeshakbari/edXconfiguration,User,0,8,supervisord,cmd
sinfere/dockerfile,User,0,16,supervisord,cmd
goern/Debian-Dockerfiles,User,0,28,supervisord,cmd
tallycheck/data-core,Organization,0,9,supervisord,cmd
alwinmark/mailserver,User,1,11,supervisord,cmd
frozzare/docker-nginx-php,User,4,17,supervisord,cmd
30x/shipyard,Organization,1,14,supervisord,cmd
julian-labuschagne/apache2,User,0,8,supervisord,cmd
mko-x/docker-cloud9,User,0,30,supervisord,cmd
laikacultural/spaceport,Organization,4,31,supervisord,cmd
Dockerlover/docker-mongodb,Organization,0,13,supervisord,cmd
gdhorne/machine-learning-toolbox,User,0,64,supervisord,cmd
happybits/floe,Organization,0,19,supervisord,cmd
Jahroots/docker-pyload,User,1,16,supervisord,cmd
mattinclude/certDragon,User,0,45,supervisord,cmd
teaplanet/wordpress-docker,User,3,39,supervisord,cmd
PaulWoodIII/baasbox-codedeploy,User,1,14,supervisord,cmd
Raphy/docker-skeleton,User,0,9,supervisord,cmd
cng-thg/dockerfiles,User,0,15,supervisord,cmd
socketplane/docker-ovs,Organization,115,22,supervisord,cmd
PTAnywhere/ptAnywhere-installation,Organization,0,22,supervisord,cmd
d3trax/skeleton-docker,User,0,48,supervisord,cmd
sbmandava/nscale-bigdata-blue-print1,User,0,22,supervisord,cmd
elastisys/scale.cloudpool,User,1,24,supervisord,cmd
AlertaDengue/AlertaDengue,Organization,6,29,supervisord,cmd
Sitback/docker-containers,Organization,1,18,supervisord,cmd
jadala/smpp-btm,User,0,29,supervisord,cmd
zumbrunnen/docker-ltc-cpuminer,User,5,20,supervisord,cmd
ChristianKniep/docker-convert,User,1,5,supervisord,cmd
cng-thg/dockerfiles,User,0,15,supervisord,cmd
yakinaround/myadventure-docker,Organization,0,21,supervisord,cmd
james-nesbitt/boch,User,1,42,supervisord,cmd
nlamirault/tchoupi,User,0,15,supervisord,cmd
reuteras/docker-kippo-graph,User,1,23,supervisord,cmd
thiswind/dnscrypt_dnsmasq,User,2,16,supervisord,cmd
ownport/docker-env,User,0,3,supervisord,cmd
marceloandrader/dockerfiles,User,0,5,supervisord,cmd
viliusl/docker-oracle-jdk6u26,User,0,20,supervisord,cmd
tomverelst/prommer,User,0,14,supervisord,cmd
xdevops/ibm-containers-emulator,Organization,3,25,supervisord,cmd
david-guenault/docker-projects,User,0,36,supervisord,cmd
brijeshakbari/edXconfiguration,User,0,9,supervisord,cmd
ukwa/wren,Organization,3,7,supervisord,cmd
jdgoldie/docker-tomcat7,User,0,11,supervisord,cmd
cui-liqiang/gitlab-development-kit,User,0,8,supervisord,cmd
jonjozwiak/Dockerfiles,User,0,34,supervisord,cmd
dafiti/docker-nginx-hhvm,Organization,1,28,supervisord,cmd
g1eagle/Docker_nginx,User,0,18,supervisord,cmd
dit4c/dockerfile-dit4c-container-base,Organization,0,15,supervisord,cmd
xdv/docker-fdb-server,Organization,0,19,supervisord,cmd
glenux/docker-basebox,User,0,13,supervisord,cmd
mdreem/docker_dns,User,0,9,supervisord,cmd
honza/wharf-ci,User,7,16,supervisord,cmd
waltermoreira/serfnode,User,2,19,supervisord,cmd
vberetti/ippevent-20-05-2014,User,2,28,supervisord,cmd
maci0/docker-freeipa-server,User,4,30,system.d,cmd
NIWA-Hideyuki/Fulcon-VirtualPlatform,User,0,23,system.d,cmd
larrycai/docker-postgresql,User,0,25,supervisord,cmd
binhex/arch-moviegrabber,User,1,15,supervisord,cmd
lemonlatte/docker-webvirtmgr,User,4,16,supervisord,cmd
raulcd/elk-docker,User,22,22,supervisord,cmd
autodesk-cloud/ci-ochopod,Organization,7,12,supervisord,cmd
david-guenault/docker-projects,User,0,38,supervisord,cmd
ChristianKniep/ubuntu-compute,User,0,24,supervisord,cmd
neich/fiware-docker,User,1,8,supervisord,cmd
zumbrunnen/docker-postgresql,User,5,15,supervisord,cmd
cmanzana/haproxy-marathon,User,0,9,supervisord,cmd
dnvriend/kafka-test,User,1,17,supervisord,cmd
xmaruto/mcord,User,0,14,supervisord,cmd
stamp711/dst-dedicated-server-docker,User,0,10,s6,cmd
savoirfairelinux/rekishi,Organization,1,14,supervisord,cmd
ironcross13/ICC-Subsonic,User,0,26,supervisord,cmd
hideakihal/docker-elasticsearch,User,0,49,supervisord,cmd
TripleDogDare/RadioWCSpy,User,0,32,supervisord,cmd
mfoo/thanks_ants,User,0,18,supervisord,cmd
MilordXU/DockerProxy,User,0,27,supervisord,cmd
kdelfour/btsync-docker,User,3,17,supervisord,cmd
eBay/Neutrino,Organization,211,19,supervisord,cmd
mattinclude/webuntumac,User,0,44,supervisord,cmd
avelino/docker-debian,User,0,13,supervisord,cmd
autodesk-cloud/ci-ochopod,Organization,7,6,supervisord,cmd
asm-products/runbook-ops,Organization,12,21,supervisord,cmd
Aquilent/drug-adverse-event-browser,Organization,1,24,supervisord,cmd
nhantran/docker-images,User,0,19,supervisord,cmd
nicholasjackson/blackpuppy-api-proxy,User,0,14,supervisord,cmd
anduintransaction/Dockerfiles,Organization,1,31,supervisord,cmd
davide/docker-orientdb,User,2,19,supervisord,cmd
REANNZ/faucet,Organization,31,20,supervisord,cmd
bretterknaller/Docker_Base,User,0,14,supervisord,cmd
HubSpot/Baragon,Organization,68,14,supervisord,cmd
nupic-community/nostradamIQ,Organization,15,11,supervisord,cmd
bryanheinz/docker-recipes,User,0,15,supervisord,cmd
snakeskin/docker_bamboo_server,User,0,7,supervisord,cmd
hyness/hbase-rest-standalone,User,1,18,supervisord,cmd
ariarijp/dockerfiles,User,1,16,supervisord,cmd
laikacultural/spaceport,Organization,4,27,supervisord,cmd
glimperop/vgw1,User,1,23,supervisord,cmd
LaCasemate/openlab-projects,Organization,0,34,supervisord,cmd
amaline/docker-images,User,1,7,supervisord,cmd
liufuyang/twitter_tesla,User,0,5,supervisord,cmd
Sitback/docker-containers,Organization,1,27,supervisord,cmd
pravka/arch-sonarr,User,0,17,supervisord,cmd
donysukardi/docker-frappe,User,2,16,supervisord,cmd
Runbook/runbook-ops,Organization,12,17,supervisord,cmd
abhijitsarkar/docker,User,0,18,supervisord,cmd
whlee21/docker,User,1,9,supervisord,cmd
att-innovate/charmander,Organization,53,39,supervisord,cmd
gigabeer/docker-puppetserver,User,0,12,supervisord,cmd
udomsak/thaiopensource-tut,User,0,27,supervisord,cmd
cosipov/district-insurance-sample,User,0,17,supervisord,cmd
koolay/dockers,User,0,11,s6,cmd
Runbook/runbook-ops,Organization,12,21,supervisord,cmd
gopheracademy/docker-hubot,Organization,1,16,supervisord,cmd
marios88/docker-httpd,User,0,8,supervisord,cmd
osipov/district-insurance-sample,User,4,17,supervisord,cmd
thomassnielsen/haproxy-docker-daemon,User,0,11,supervisord,cmd
Profideo/docker-images,Organization,0,33,supervisord,cmd
ariarijp/dockerfiles,User,1,11,supervisord,cmd
panubo/docker-monit,Organization,0,11,monit,cmd
DerMitch/perl-experiments,User,2,10,supervisord,cmd
panubo/docker-postfix,Organization,2,20,supervisord,cmd
binhex/arch-plexpass,User,4,11,supervisord,cmd
cfpb/hmda-geo,Organization,4,37,supervisord,cmd
sspreitzer/fedora-docker,User,0,13,supervisord,cmd
y16ra/docker-wordpress-nginx,User,1,32,supervisord,cmd
albertoruibal/docker-odoo,User,1,20,supervisord,cmd
brijeshakbari/edXconfiguration,User,0,13,supervisord,cmd
disconn3ct/docker-sshd-otp,User,4,18,supervisord,cmd
MatrixSolutions/docker-kafka,Organization,3,17,supervisord,cmd
adsabs/adsabs-vagrant,Organization,0,14,supervisord,cmd
LuisPalacios/base-courierimap,User,0,36,supervisord,cmd
guest6379/c9ide,User,0,24,supervisord,cmd
EMSL-MSC/pacifica-archiveinterface,Organization,0,20,runit,cmd
jsonnull/vagrant_docker,User,0,12,supervisord,cmd
dpayne0220/docker-mysql,User,0,19,supervisord,cmd
bugzilla/bugzilla,Organization,95,37,supervisord,cmd
ppepos/drunken-shame,User,2,13,supervisord,cmd
edx/configuration,Organization,561,9,supervisord,cmd
31z4/factom-sandbox-docker,User,3,13,supervisord,cmd
kdelfour/lychee-docker,User,11,30,supervisord,cmd
Simplicity-at-Source/oldplatform,Organization,2,23,supervisord,cmd
romeOz/docker-nginx-php,User,42,15,supervisord,cmd
dockhippie/traefik,Organization,0,9,s6,cmd
openmhealth/shimmer,Organization,145,37,supervisord,cmd
tcaxias/docker,User,2,23,supervisord,cmd
fedora-cloud/Fedora-Dockerfiles,Organization,307,17,supervisord,cmd
tclark/docker-build-example,User,0,11,supervisord,cmd
tryagainconcepts/monit-master,Organization,0,16,supervisord,cmd
bretterknaller/Docker_Base,User,0,9,supervisord,cmd
zooniverse/Cellect,Organization,2,37,supervisord,cmd
chrchr/hello_infrastructure,User,0,15,supervisord,cmd
mxbossard/scripts,User,1,31,supervisord,cmd
meandmymonkey/docker-satis-silex,User,0,6,supervisord,cmd
Dockerlover/docker-etcd,Organization,0,11,supervisord,cmd
ychaker/docker-rails-mongo-redis,User,0,19,supervisord,cmd
benc/debian-vagrant,User,0,13,supervisord,cmd
Dockerlover/docker-java,Organization,0,12,supervisord,cmd
LaraDock/laradock,Organization,1947,9,supervisord,cmd
brumgeek/pisupervisortest,User,0,9,supervisord,cmd
linkthrow/docker-ffmpeg,User,0,9,supervisord,cmd
svenkreiss/shoveling,User,0,34,supervisord,cmd
sunsided/storm-docker,User,0,9,supervisord,cmd
autodesk-cloud/ochonetes,Organization,28,12,supervisord,cmd
Lockh/docker-lamp,User,0,20,supervisord,cmd
socketplane/docker-ovs,Organization,115,22,supervisord,cmd
sedden/docker-xrdp-desktop,User,1,30,supervisord,cmd
Intelworks/OpenTAXII,Organization,28,18,supervisord,cmd
marcko/docker-expressv2,User,0,15,supervisord,cmd
rubinius/docker,Organization,1,29,supervisord,cmd
sivabizruntime/dockerfile,User,0,14,supervisord,cmd
nak3/cockroach-local-cluster,User,0,16,supervisord,cmd
samuelebistoletti/docker-statsd-influxdb-grafana,User,45,33,supervisord,cmd
jmatis/midpoint-fusionreactor,User,0,16,supervisord,cmd
masato/meshblu-dev,User,0,16,supervisord,cmd
intropro/single-node-cloudera-env,Organization,10,48,supervisord,cmd
ambling/hadoop-docker,User,1,27,supervisord,cmd
xialingxiao/andokaelk,User,0,23,supervisord,cmd
adsabs/adsabs-vagrant,Organization,0,15,supervisord,cmd
Karumi/docker-sentry,Organization,1,22,supervisord,cmd
MSUAS-15SoSe-MProj/diperf,Organization,1,23,supervisord,cmd
armedpot/ARMedPOT,User,3,33,supervisord,cmd
artem-sidorenko/vagrant-environments,User,2,10,supervisord,cmd
dtag-dev-sec/emobility,Organization,5,11,supervisord,cmd
Banno/graphite-setup,Organization,15,29,supervisord,cmd
Christopheraburns/projecttelemetry,User,0,21,supervisord,cmd
EmergingTechnologyInstitute/acmeair-netflixoss-dockerlocal,Organization,33,10,supervisord,cmd
Tairy/dockerfiles,User,1,14,supervisord,cmd
flythecircle/gotojourney,User,0,14,supervisord,cmd
devdkerr/logstash,User,1,17,supervisord,cmd
APItools/monitor,Organization,115,17,supervisord,cmd
amaline/docker-images,User,1,12,supervisord,cmd
bwernli/guacamole,User,0,28,supervisord,cmd
spotify/docker-kafka,Organization,464,13,supervisord,cmd
Sitback/docker-containers,Organization,1,26,supervisord,cmd
viki-org/storm-docker,Organization,41,9,supervisord,cmd
kvaps/docker-pydio,User,0,34,supervisord,cmd
Dockerlover/docker-nodejs,Organization,0,17,supervisord,cmd
atsaki/docker-cloudstack,User,0,5,supervisord,cmd
mgkwill/docker-openvswitch,User,1,22,supervisord,cmd
vsudilov/vocbench-docker,Organization,0,24,supervisord,cmd
sunsided/storm-docker,User,0,5,supervisord,cmd
Hipo/comp-clerk,Organization,0,11,supervisord,cmd
SophiaGitHub/newGitHub,User,0,14,supervisord,cmd
tmuskal/docker-pixel-kinesis,User,0,21,supervisord,cmd
panamax-docker/panamax-docker-hubot,User,0,17,supervisord,cmd
CanalTP/fabric_navitia,Organization,1,22,supervisord,cmd
mgkwill/docker-openvswitch,User,1,22,supervisord,cmd
coolhacks/docker-hacks,Organization,3,34,supervisord,cmd
autodesk-cloud/ochopod,Organization,115,12,supervisord,cmd
kenneyhe/docker-10.6-x86_32,User,0,14,supervisord,cmd
dballinger/statsd-influxdb-grafana,User,0,20,supervisord,cmd
andresriancho/w3af-api-docker,User,1,23,supervisord,cmd
peterreisz/docker-containers,User,0,20,supervisord,cmd
walkerwzy/initDockerImage,User,0,16,supervisord,cmd
ziyunhx/storm-mono-docker,User,9,10,supervisord,cmd
medined/docker-lumify,User,0,10,supervisord,cmd
FoxtrotSystems/spark-cassandra-docker,Organization,3,17,supervisord,cmd
bosun-monitor/bosun,Organization,2107,20,supervisord,cmd
pulcy/prometheus-conf,Organization,0,14,supervisord,cmd
analytically/haproxy-ddos,User,156,63,supervisord,cmd
kubernetes/kops,Organization,818,14,supervisord,cmd
Duke-GCB/DukeDSHandoverService,Organization,0,13,supervisord,cmd
uobdic/dice-docker,Organization,1,14,supervisord,cmd
uqlibrary/docker-elasticsearch,Organization,1,23,supervisord,cmd
mgkwill/docker-openvswitch,User,1,22,supervisord,cmd
eric-svds/flask-with-docker,User,0,16,supervisord,cmd
jmarin/devops,User,0,11,supervisord,cmd
miquelo/storm-core,User,0,9,supervisord,cmd
ChristianKniep/docker-helixdns,User,2,16,supervisord,cmd
colindensem/docker-nginx,User,0,33,supervisord,cmd
cgroll/j_r_docker,User,0,6,supervisord,cmd
skorokithakis/netproxy,User,200,22,supervisord,cmd
locnh/docker-magento,User,3,23,supervisord,cmd
medined/docker-lumify,User,0,7,supervisord,cmd
classcat/docker-postfix-dovecot,User,0,8,supervisord,cmd
arcolife/dockerComp,User,16,17,supervisord,cmd
anduintransaction/Dockerfiles,Organization,1,16,supervisord,cmd
csirtgadgets/bearded-avenger,Organization,44,15,supervisord,cmd
kvchampa/Docker,User,0,14,supervisord,cmd
mgkwill/docker-openvswitch,User,1,22,supervisord,cmd
opendns/OpenResolve,Organization,28,15,supervisord,cmd
rokasmi/joniskio-turgus,User,0,8,supervisord,cmd
chinthakagodawita/docker-containers,Organization,1,21,supervisord,cmd
spotify/docker-kafka,Organization,464,16,supervisord,cmd
leoncamel/docker-brew-datacanvas-base,User,0,9,supervisord,cmd
rocklass/sonarqube,User,0,29,supervisord,cmd
jeyk/docker-owncloud,User,0,18,supervisord,cmd
alaneduaardo/dockerfiles,User,0,19,supervisord,cmd
mindo/nemi-docker,User,0,23,supervisord,cmd
laikacultural/spaceport,Organization,4,21,supervisord,cmd
Dockerlover/docker-gogs,Organization,0,23,supervisord,cmd
bssthu/docker-erpnext,User,1,18,supervisord,cmd
echo00241/DockerMySQLSample,User,0,19,supervisord,cmd
bryanheinz/docker-recipes,User,0,7,supervisord,cmd
monino/cliente_graylog2,User,0,21,supervisord,cmd
taciti/Docker-Centos7-httpd,User,0,18,supervisord,cmd
muccg/docker-openstack,Organization,4,12,supervisord,cmd
Tairy/dockerfiles,User,1,21,supervisord,cmd
hiroakis/docker-sensu-server,User,95,45,supervisord,cmd
Pooja-S-Rao/docker-machine-oneview,User,0,14,supervisord,cmd
Labdoo/Labdoo,Organization,2,8,supervisord,cmd
0x20h/docker-disque,User,0,15,supervisord,cmd
david-guenault/docker-projects,User,0,9,supervisord,cmd
alevin/docker-monit_min_centos,User,0,8,monit,cmd
lazabogdan/docker-images,User,0,8,supervisord,cmd
EmergingTechnologyInstitute/acmeair-netflixoss-dockerlocal,Organization,33,7,supervisord,cmd
koudaiii/vagrant-docker,User,1,30,supervisord,cmd
cburki/docker-chronograf,User,0,17,s6,cmd
Dockerlover/docker-java,Organization,0,12,supervisord,cmd
abhijitsarkar/docker,User,0,26,supervisord,cmd
ChenTung/Dockerfiles,User,0,30,supervisord,cmd
taciti/supervisord-nginx-phpfpm-openvpn,User,0,18,supervisord,cmd
rhelmer/anyhosting,User,1,9,supervisord,cmd
Runbook/runbook-ops,Organization,12,21,supervisord,cmd
hideakihal/docker-kandan-hubot,User,3,59,supervisord,cmd
wrhwebmaster/public,User,0,13,supervisord,cmd
jumanjiman/dockerfiles,User,0,14,supervisord,cmd
koudaiii/docker_mysql_centos,User,0,43,supervisord,cmd
juramy/php7-fpm-nginx,Organization,1,48,supervisord,cmd
mgkwill/docker-openvswitch,User,1,22,supervisord,cmd
david-guenault/docker-projects,User,0,13,supervisord,cmd
mtmacdonald/docker-mono-aspnet,User,0,15,supervisord,cmd
oodt-cloud/docker,Organization,0,23,supervisord,cmd
Dockerlover/docker-mongodb,Organization,0,30,supervisord,cmd
K-Phoen/post-to-pocketbook,User,0,13,supervisord,cmd
bhzunami/reanalytics,User,0,33,supervisord,cmd
OpenBfS/dokpool-plone,Organization,0,23,supervisord,cmd
pauldavidgilligan-msm/sp7987,User,0,31,supervisord,cmd
humangeo/orientdb-docker,Organization,1,12,supervisord,cmd
lewg/docker-hhvm-pagespeed,User,1,12,supervisord,cmd
makehackvoid/mhvdb2,Organization,4,23,supervisord,cmd
liufuyang/twitter_tesla,User,0,6,supervisord,cmd
sammcj/docker-xen-orchestra,User,4,21,supervisord,cmd
EmergingTechnologyInstitute/acmeair-netflixoss-dockerlocal,Organization,33,9,supervisord,cmd
bulgr0z/dockerfile-nginx-php,User,6,18,supervisord,cmd
pauldavidgilligan-msm/sp7987,User,0,37,supervisord,cmd
udomsak/thaiopensource-tut,User,0,25,supervisord,cmd
taka0125/docker,User,0,19,supervisord,cmd
Noirello/bonsai,User,37,34,supervisord,cmd
edannenberg/gentoo-bb,User,49,6,s6,cmd
Hyatt/docker-centos-supervisord,Organization,1,8,supervisord,cmd
scott-hand/web-security-crash-course,User,0,12,supervisord,cmd
henridwyer/docker-postfix-foward,User,2,13,supervisord,cmd
rdavaillaud/compo2trains,User,0,13,supervisord,cmd
ziyunhx/storm-mono-docker,User,9,9,supervisord,cmd
Maluuba/docker-files,Organization,20,16,supervisord,cmd
fastnsilver/devbox,User,0,17,supervisord,cmd
Dockerlover/docker-wecenter,Organization,0,9,supervisord,cmd
1dot75cm/copr-deploy,User,2,23,system.d,cmd
phaneendra/ansible-control,User,0,14,supervisord,cmd
michaloo/fluentd,User,18,17,supervisord,cmd
jeyk/docker-icinga,User,0,15,supervisord,cmd
lockrecv/more,User,2,15,supervisord,cmd
tierpod/docker-images,User,1,11,supervisord,cmd
rubinius/influxdb-grafana,Organization,9,27,supervisord,cmd
hacklabr/timtec,Organization,49,34,supervisord,cmd
HewlettPackard/docker-machine-oneview,Organization,12,14,supervisord,cmd
econquer/madsonic,User,0,12,supervisord,cmd
derfloh/bamboo-server,User,0,16,supervisord,cmd
jackobhsu/jackob-ubuntu,User,0,28,supervisord,cmd
jackobhsu/jackob-ubuntu,User,0,28,supervisord,cmd
ushios/docker-lamp-ubuntu,User,5,11,supervisord,cmd
joaovnogueira/kafka-zookeeper-single,User,0,18,supervisord,cmd
autodesk-cloud/ci-ochopod,Organization,7,6,supervisord,cmd
sidthakur/simple-user-management-api,User,1,18,supervisord,cmd
CognitiveScale/docker-orientdb,Organization,1,16,supervisord,cmd
mkaczanowski/docker-archlinux-arm,User,8,19,system.d,cmd
d9w/webite,User,0,18,supervisord,cmd
elvis-macak/config-repo,User,1,6,supervisord,cmd
tallycheck/data-core,Organization,0,9,supervisord,cmd
ipedrazas/taiga-docker,User,191,12,supervisord,cmd
ruimo/dockerfile-nginx,User,0,14,monit,cmd
Co-opComplete/K4,Organization,2,19,supervisord,cmd
Dockerlover/docker-mongodb,Organization,0,30,supervisord,cmd
jumanjiman/docker-xrdp,User,9,15,s6,cmd
kaushalkishorejaiswal/Docker-Centos-Nginx-PHP,User,9,14,supervisord,cmd
Krijger/docker-cookbooks,User,267,10,supervisord,cmd
jeffleeismyhero/Docker-Rails,User,0,37,supervisord,cmd
aslag/docker_seq,User,1,18,supervisord,cmd
n3r0-ch/docuro,User,2,40,upstart,cmd
abomfim/docker-nginx-php,User,0,27,supervisord,cmd
devdkerr/couchdb,User,0,21,supervisord,cmd
flychen50/Docker-Centos-Nginx-PHP,User,0,14,supervisord,cmd
techyugadi/openldap_ssh,User,1,31,supervisord,cmd
fastnsilver/devbox,User,0,19,supervisord,cmd
socketplane/docker-ovs,Organization,116,22,supervisord,cmd
novice79/nginx,User,0,28,supervisord,cmd
muccg/docker-openstack,Organization,4,10,supervisord,cmd
pauldavidgilligan-msm/go-skydns,User,1,54,supervisord,cmd
sidthakur/docker-single-nginx-flask,User,0,18,supervisord,cmd
koudaiii/docker_rails_centos,User,0,49,supervisord,cmd
dnhsoft/docker-php,Organization,0,12,supervisord,cmd
koudaiii/docker_ALMinium,User,2,40,supervisord,cmd
Dockerlover/docker-console,Organization,0,21,supervisord,cmd
fedora-cloud/Fedora-Dockerfiles,Organization,307,16,supervisord,cmd
alevin/docker-monit_base,User,0,10,monit,cmd
gmarcotte3/georgesrepos,User,0,28,supervisord,cmd
mgkwill/docker-openvswitch,User,1,22,supervisord,cmd
ariarijp/dockerfiles,User,1,16,supervisord,cmd
Verigreen/jenkins-tomcat-nginx,Organization,7,34,supervisord,cmd
peachdocs/peach,Organization,514,13,s6,cmd
xaamin/php-fpm,User,1,15,supervisord,cmd
oodt-cloud/docker,Organization,0,34,supervisord,cmd
Tairy/dockerfiles,User,1,22,supervisord,cmd
primiano/docker-webvirtmgr,User,4,25,supervisord,cmd
ProPheT777/real_time_bidirectional_notification-symfony2-redis-websocket-pubsub,User,0,19,supervisord,cmd
autodesk-cloud/ci-ochopod,Organization,7,10,supervisord,cmd
muccg/docker-openstack,Organization,4,9,supervisord,cmd
Test-Betta-Inc/psychic-barnacle,Organization,0,14,supervisord,cmd
allisson/dockerfiles,User,1,25,supervisord,cmd
njordr/docker-scrapyd,User,0,17,supervisord,cmd
Joeboy/dockerfiles,User,6,24,supervisord,cmd
mitel/orientdb-docker-js,User,0,20,supervisord,cmd
peterreisz/docker-containers,User,0,22,supervisord,cmd
binhex/arch-sickrage,User,1,15,supervisord,cmd
kmkanagaraj/skyring-vagrant,User,0,13,supervisord,cmd
benc/debian-vagrant,User,0,17,supervisord,cmd
FoxtrotSystems/spark-cassandra-docker,Organization,3,16,supervisord,cmd
flyhigher139/gitmark2,Organization,0,22,supervisord,cmd
ansible/docker,Organization,11,20,supervisord,cmd
socketplane/docker-ovs,Organization,116,22,supervisord,cmd
nhantran/docker-images,User,0,47,supervisord,cmd
reuteras/docker-kippo,User,2,25,supervisord,cmd
asm-products/runbook-ops,Organization,12,21,supervisord,cmd
talkincode/ToughRADIUS,Organization,192,8,supervisord,cmd
kiyoad/docker-devenv-jp,User,0,18,supervisord,cmd
autodesk-cloud/ochonetes-kafka,Organization,6,12,supervisord,cmd
binhex/arch-minidlna,User,5,11,supervisord,cmd
Runbook/runbook-ops,Organization,12,19,supervisord,cmd
bioinformatics-ptp/dockerfiles,Organization,1,26,supervisord,cmd
lyfbuaa/docker,User,0,20,supervisord,cmd
joway/Dispider,User,1,17,supervisord,cmd
MSUAS-15SoSe-MProj/diperf,Organization,1,14,supervisord,cmd
lewg/docker-hhvm,User,1,10,supervisord,cmd
devdkerr/elasticsearch,User,0,23,supervisord,cmd
fanday/openldap,User,4,26,supervisord,cmd
rthallisey/atomic-osp-installer,User,4,13,supervisord,cmd
crusat/cru-docker-lemp,User,0,20,supervisord,cmd
laikacultural/spaceport,Organization,4,22,supervisord,cmd
cdaniel/wardleymapstool,User,58,19,supervisord,cmd
brijeshakbari/edXconfiguration,User,0,9,supervisord,cmd
rthallisey/atomic-osp-installer,User,4,19,supervisord,cmd
adomenech73/CoreOS,User,0,18,supervisord,cmd
boardstretcher/docker-files,User,19,40,supervisord,cmd
mgkwill/docker-openvswitch,User,1,22,supervisord,cmd
joshuar/elk-ping,User,6,34,supervisord,cmd
koudaiii/example-paas,User,0,57,supervisord,cmd
minatsu/docker,User,0,38,supervisord,cmd
socketplane/docker-ovs,Organization,116,22,supervisord,cmd
ptone/jiffylab,User,185,33,supervisord,cmd
ekulos/docker-supervisor,User,0,8,supervisord,cmd
kenmlee/webvirtcloud-docker,User,1,21,supervisord,cmd
diresi/docker,User,1,24,supervisord,cmd
viliusl/docker-sshd-nginx,User,3,22,supervisord,cmd
arulrajnet/torprivoxy,User,0,18,supervisord,cmd
fspc/bikebinder,User,0,10,supervisord,cmd
mgkwill/docker-openvswitch,User,1,22,supervisord,cmd
tclarke/docker-recipes,User,0,9,supervisord,cmd
matthdan/docker-centos7-evo,User,0,27,supervisord,cmd
ppepos/drunken-shame,User,2,13,supervisord,cmd
diceone/docker_graphite,User,0,29,supervisord,cmd
gustavonalle/yarn-docker,User,2,46,supervisord,cmd
vjorlikowski/plexus,User,2,16,supervisord,cmd
lingya/docker-spark,User,0,4,supervisord,cmd
dianpou/dockerfile,Organization,2,22,supervisord,cmd
xialingxiao/mokafelk,User,0,21,supervisord,cmd
allisson/django-docker-example,User,8,21,supervisord,cmd
arthurliang/dockerfiles,User,1,20,supervisord,cmd
mgkwill/docker-openvswitch,User,1,22,supervisord,cmd
j4y-funabashi/aruna,User,0,10,supervisord,cmd
sedden/docker-xrdp-desktop,User,1,43,supervisord,cmd
sedsimon/docker-supervisord,User,0,7,supervisord,cmd
rincedd/docker-xvfb,User,0,12,supervisord,cmd
mgkwill/docker-openvswitch,User,1,22,supervisord,cmd
n3r0-ch/ddesktop,User,0,18,upstart,cmd
mgkwill/docker-openvswitch,User,1,22,supervisord,cmd
elastisys/scale.cloudpool,User,1,23,supervisord,cmd
sunsided/storm-docker,User,0,10,supervisord,cmd
MSUAS-15SoSe-MProj/diperf,Organization,1,14,supervisord,cmd
rworksjp/docker-compose-osc2016-tokyo-spring,Organization,1,15,supervisord,cmd
openforis/sepal,Organization,10,12,supervisord,cmd
pferrot/ochograph,User,0,29,supervisord,cmd
sixeyed/dockers,User,3,15,supervisord,cmd
whlee21/docker,User,1,13,supervisord,cmd
mxr576/stanbol,User,0,17,supervisord,cmd
podiobooks/podiobooks_docker,User,0,23,supervisord,cmd
pesho/docker-fdb,User,3,19,supervisord,cmd
jbbodart/arch-rtorrentvpn,User,4,15,supervisord,cmd
40thoughts/docker-NGinX,User,0,11,supervisord,cmd
sthulb-attic/docker-pal,Organization,3,14,supervisord,cmd
timlinux/docker-projects,User,1,25,supervisord,cmd
ZhangZhenhua/docker.hub,User,1,7,supervisord,cmd
koolay/dockers,User,0,16,s6,cmd
tallycheck/data-core,Organization,0,9,supervisord,cmd
Locu/chronology,Organization,58,12,supervisord,cmd
grohman/tattler,User,0,10,runit,cmd
catatnight/docker-stack,User,0,18,supervisord,cmd
dgersting/docker-unifi,User,0,24,supervisord,cmd
dockhippie/invoiceninja,Organization,1,15,s6,cmd
voodootikigod/docker-riak-json,User,6,35,supervisord,cmd
ingenieux/beanstalker,Organization,50,7,supervisord,cmd
RobLoach/Dockie,User,45,10,supervisord,cmd
openslack/openslack-docker,Organization,1,8,supervisord,cmd
arthurcrawford/monitor-base,User,0,27,supervisord,cmd
romeOz/docker-nginx-php,User,42,16,supervisord,cmd
catwithboots/Spielerei,Organization,0,12,supervisord,cmd
bremme/docker-madsonic,User,1,33,supervisord,cmd
nhantran/docker-images,User,0,15,supervisord,cmd
nuodb/nuodb-docker,Organization,0,10,supervisord,cmd
en0/PivotalPoker,User,0,7,supervisord,cmd
lazabogdan/docker-images,User,0,40,supervisord,cmd
Dockerlover/docker-tornado,Organization,0,9,supervisord,cmd
artem-sidorenko/vagrant-environments,User,2,8,supervisord,cmd
Hevienz/gogs-daocloud,User,0,14,supervisord,cmd
boardstretcher/docker-files,User,19,40,supervisord,cmd
talkincode/toughtester,Organization,2,8,supervisord,cmd
pesho/docker-fdb,User,3,18,supervisord,cmd
s-bernard/docker-centos-systemd-kitchen,User,0,13,system.d,cmd
kdelfour/cloud9-docker,User,105,28,supervisord,cmd
koudaiii/docker_mysql_ubuntu,User,0,44,supervisord,cmd
Kyah/docker-htpcmanager,User,0,16,supervisord,cmd
pauldavidgilligan-msm/docker-centos6-puppet-ruby212,User,0,16,supervisord,cmd
tylerjl/dockerfiles,User,0,8,system.d,cmd
eighilaza/bouraka,User,0,18,supervisord,cmd
rpiotaix/docker-sistearth,User,0,40,supervisord,cmd
BlackIkeEagle/docker-archlinux-images,User,6,12,supervisord,cmd
TallerWebSolutions/drucker,Organization,9,9,supervisord,cmd
lukaspustina/bosun-server-demo-conf,User,0,7,supervisord,cmd
relateiq/docker-foundationdb-sql,Organization,9,29,supervisord,cmd
lemonlatte/docker-ipython-notebook,User,0,21,supervisord,cmd
EmergingTechnologyInstitute/acmeair-netflixoss-dockerlocal,Organization,33,17,supervisord,cmd
qnib/u14-supervisor,Organization,0,6,supervisord,cmd
Dockerlover/docker-kityminder,Organization,0,10,supervisord,cmd
david-guenault/docker-projects,User,0,36,supervisord,cmd
RobLoach/docker-lamp,User,8,38,supervisord,cmd
david-guenault/docker-projects,User,0,32,supervisord,cmd
barbct5/swim,User,15,12,supervisord,cmd
xjchengo/docker-nginx-php,User,1,29,supervisord,cmd
rworksjp/docker-compose-osc2016-tokyo-spring,Organization,1,12,supervisord,cmd
albertoruibal/docker-odoo,User,1,20,supervisord,cmd
25th-floor/docker-php,Organization,0,12,supervisord,cmd
socketplane/docker-ovs,Organization,116,22,supervisord,cmd
Turistforeningen/Jotunheimr,Organization,5,9,supervisord,cmd
ziyunhx/storm-mono-docker,User,9,5,supervisord,cmd
x3rus/Training_docker,User,0,16,supervisord,cmd
london-escience/tempss,Organization,1,22,supervisord,cmd
tsunammis/docker-host-reverse-proxy,User,0,14,supervisord,cmd
OpenBfS/dokpool-plone,Organization,0,25,supervisord,cmd
abn/revok-dockerfiles,User,0,14,supervisord,cmd
LabAdvComp/docker-slurmd,Organization,0,38,supervisord,cmd
oesteban/qap-docker,User,0,19,supervisord,cmd
macropin/docker-mailman,User,1,16,supervisord,cmd
jaarandaz/docker-php-nginx,User,0,16,supervisord,cmd
mtmacdonald/docker-symmetricds,User,0,15,supervisord,cmd
andresriancho/django-moth,User,9,19,supervisord,cmd
gembaboo/apt-timezone,Organization,0,21,supervisord,cmd
strarsis/docker-nginx-consul-template,User,0,16,supervisord,cmd
soundyogi/cloud9core-docker,User,0,22,supervisord,cmd
muccg/docker-openstack,Organization,4,8,supervisord,cmd
pulyaevskiy/dart-kafka,Organization,5,10,supervisord,cmd
edannenberg/gentoo-bb,User,49,9,s6,cmd
lyddonb/statsd_graphite_docker,User,0,50,supervisord,cmd
SophiaGitHub/hello,User,1,14,supervisord,cmd
muccg/docker-openstack,Organization,4,9,supervisord,cmd
wrapp/docker-registry,Organization,3,18,supervisord,cmd
Dockerlover/docker-java,Organization,0,12,supervisord,cmd
karthikjaps/ELK,User,0,22,supervisord,cmd
dpfg/kicker-scorer,User,1,13,supervisord,cmd
bsteinberg/uchiwa,User,0,34,supervisord,cmd
Boilrig/docker-lab3.1,User,0,11,supervisord,cmd
david-guenault/docker-projects,User,0,26,supervisord,cmd
asm-products/runbook-ops,Organization,12,19,supervisord,cmd
Dockerlover/docker-docs,Organization,0,14,supervisord,cmd
benc/debian-vagrant,User,0,39,supervisord,cmd
socketwench/dockerthingy,User,0,13,supervisord,cmd
mefellows/docker-tick,User,13,25,supervisord,cmd
schollz/cowyo,User,53,20,supervisord,cmd
nhantran/docker-images,User,0,17,supervisord,cmd
callect/laradock,User,4,9,supervisord,cmd
docker-linux/postfix,User,4,13,supervisord,cmd
ruimo/df-ub1404-pgsql935,User,0,27,monit,cmd
Kahn/docker-sks,User,0,26,supervisord,cmd
edannenberg/gentoo-bb,User,49,12,s6,cmd
Capitains/rpi-capitains-raspbian,Organization,0,23,supervisord,cmd
flyhigher139/mayblog,User,105,21,supervisord,cmd
binhex/arch-emby,User,2,11,supervisord,cmd
abn/revok-dockerfiles,User,0,6,supervisord,cmd
Dockerlover/docker-gitbook,Organization,0,14,supervisord,cmd
ivanp/dockerbuilds,User,0,5,supervisord,cmd
abn/dockerfiles,User,1,31,supervisord,cmd
koudaiii/docker_rails_ubuntu,User,0,50,supervisord,cmd
savoirfairelinux/rekishi,Organization,1,62,supervisord,cmd
jaarandaz/docker-nginx,User,0,15,supervisord,cmd
billvsme/vmaig_blog,User,186,29,supervisord,cmd
how2dock/docbook,Organization,127,15,supervisord,cmd
25th-floor/docker-php,Organization,0,12,supervisord,cmd
dollars0427/telegram-treehole,User,0,14,supervisord,cmd
futurice/vimma2,Organization,1,64,supervisord,cmd
Dockerlover/docker-floppybird,Organization,0,7,supervisord,cmd
Sitback/docker-containers,Organization,1,14,supervisord,cmd
ryansb/gitsniffer,User,3,20,supervisord,cmd
sameersbn/docker-nginx,User,38,15,supervisord,cmd
edx/configuration,Organization,561,17,supervisord,cmd
nghiant2710/test-docker,User,0,14,supervisord,cmd
ambling/hadoop-docker,User,1,27,supervisord,cmd
abn/revok-dockerfiles,User,0,6,supervisord,cmd
Fredoo404/Dockerfile,User,0,29,supervisord,cmd
YanLobat/Arkadia,User,0,10,runit,cmd
rbjarnason/docker-kiwiirc,User,0,10,supervisord,cmd
Hevienz/gogs-daocloud,User,0,17,supervisord,cmd
solarkennedy/wine-x11-novnc-docker,User,12,12,supervisord,cmd
Carrotzpc/docker,User,0,14,supervisord,cmd
tushars-tp/ubuntu-precise-32bit-vlabs,User,0,14,supervisord,cmd
usr000/outlier-detection,User,0,11,supervisord,cmd
viliusl/docker-activemq,User,1,19,supervisord,cmd
bkju/infrastructure_as_code,User,0,33,supervisord,cmd
mistermarco/webforms,User,5,20,supervisord,cmd
chinthakagodawita/docker-containers,Organization,1,9,supervisord,cmd
PTAnywhere/ptAnywhere-installation,Organization,0,11,supervisord,cmd
csirtgadgets/bearded-avenger,Organization,44,15,supervisord,cmd
khena/jelix-docker,User,0,27,supervisord,cmd
ChristianKniep/docker-graphite,User,0,47,supervisord,cmd
lizbew/code-practice,User,0,9,supervisord,cmd
Krijger/docker-cookbooks,User,267,7,supervisord,cmd
fifsky/docker-php,User,7,20,supervisord,cmd
olx-inc/octopush,Organization,17,28,supervisord,cmd
igaki/Dockerfiles,User,0,14,monit,cmd
marchandd/term_ssh_root_wine,User,2,25,supervisord,cmd
bhuisgen/docker-zabbix-coreos,User,27,16,supervisord,cmd
nicholasjackson/helloworld-swift,User,0,12,supervisord,cmd
andreaskoch/docker-registry-with-authentication,User,2,16,supervisord,cmd
drakeu/docker-tipboard,User,3,13,supervisord,cmd
rvennam/dockerProject,User,0,5,supervisord,cmd
open-cloud/xos,Organization,36,14,supervisord,cmd
c2is/Bigfoot,Organization,1,18,supervisord,cmd
fmatar/docker-node-base,User,0,17,supervisord,cmd
lucee/lucee-dockerfiles,Organization,25,17,supervisord,cmd
keithb418/medcheckerapp,User,0,23,supervisord,cmd
CanalTP/fabric_navitia,Organization,1,28,supervisord,cmd
carlohamalainen/imagetrove,User,0,55,supervisord,cmd
feathj/docker-postfix-blackhole,User,1,9,supervisord,cmd
Saberlion/docker-webssh,User,0,17,supervisord,cmd
open-cloud/xos,Organization,36,21,supervisord,cmd
socketplane/docker-ovs,Organization,116,22,supervisord,cmd
chinthakagodawita/docker-containers,Organization,1,27,supervisord,cmd
ubermuda/docker-symfony,User,28,16,supervisord,cmd
sicnarf74/alpine-djangorestframework-docker,User,1,19,supervisord,cmd
xianfengyuan/sensu,User,0,46,supervisord,cmd
arthuralvim/docker-ubuntu-ssh,User,1,17,supervisord,cmd
maxthomax/UsingTLSLab,User,0,11,supervisord,cmd
Virakkaingph/AngularProjec,User,0,7,supervisord,cmd
LuisPalacios/base-chatarrero,User,1,32,supervisord,cmd
FabLab-LaCote/avionmake-backend,Organization,0,8,supervisord,cmd
whlee21/docker,User,1,29,supervisord,cmd
mitel/emcday2015,User,2,18,supervisord,cmd
amtgard/ORK3,Organization,7,18,supervisord,cmd
fedora-cloud/Fedora-Dockerfiles,Organization,307,19,supervisord,cmd
billvsme/vmaig_blog,User,186,28,supervisord,cmd
Joeboy/dockerfiles,User,6,24,supervisord,cmd
panubo/Dockerfiles,Organization,3,11,s6,cmd
xsteadfastx/praeger,User,0,43,supervisord,cmd
smartive/docker-node-development-runner,Organization,0,8,supervisord,cmd
yakinaround/myadventure-api,Organization,0,26,supervisord,cmd
1dot75cm/copr-deploy,User,2,7,system.d,cmd
nlamirault/tchoupi,User,0,13,supervisord,cmd
saschaishikawa/planetary-response-network,User,0,21,supervisord,cmd
tallycheck/data-core,Organization,0,9,supervisord,cmd
benasse/canal-flask,User,1,10,supervisord,cmd
bjasko/docker-postfix-mailgw,User,0,7,supervisord,cmd
kammy/my-dev-vagrant,User,0,22,supervisord,cmd
joegalaxy71/alpine_nginx_phpfm,User,0,22,supervisord,cmd
romeOz/docker-nginx-php,User,42,15,supervisord,cmd
watonyweng/cakephp-tour,User,0,27,supervisord,cmd
urban/docker-etherpad,User,0,18,supervisord,cmd
ryanamorrison/ansible_class,User,1,18,supervisord,cmd
njvijay/docker-storm-repo,User,0,10,supervisord,cmd
xmaruto/mcord,User,0,21,supervisord,cmd
devdkerr/nginx,User,0,21,supervisord,cmd
aegypius/armada,User,0,15,supervisord,cmd
Liaodd/dockerfiles,User,1,17,supervisord,cmd
nak3/cockroach-local-cluster,User,0,21,supervisord,cmd
younginnovations/docker-resourcecontracts.org,Organization,0,32,supervisord,cmd
willdurand/Propilex,User,141,27,supervisord,cmd
sinfere/dockerfile,User,0,13,supervisord,cmd
TOTVS/mdmpublic,Organization,2,10,supervisord,cmd
haugene/docker-transmission-openvpn,User,194,23,supervisord,cmd
gusnips/dockerfile,User,1,23,supervisord,cmd
TheMaximumDrive/witestify,User,0,14,supervisord,cmd
messyOne/Loo-App,User,1,65,supervisord,cmd
lmm-git/LaTeX-webservice,User,0,44,supervisord,cmd
Coaxis-ASP/opt,Organization,1,15,supervisord,cmd
looztra/dockerfiles,User,2,14,supervisord,cmd
isotopsweden/docker-farmer,Organization,2,14,supervisord,cmd
yodlr/CoreGI,Organization,193,27,supervisord,cmd
dashohoxha/Labdoo,User,0,8,supervisord,cmd
sumpfgottheit/sdi-centos7-sshd-diwacontroller,User,0,25,supervisord,cmd
thanhson1085/swagger-combined,User,23,27,supervisord,cmd
Dockerlover/docker-redis,Organization,0,10,supervisord,cmd
binhex/arch-sonarr,User,1,12,supervisord,cmd
awproksel/docker_flask,User,0,16,supervisord,cmd
timlinux/docker-projects,User,1,21,supervisord,cmd
Dockerlover/docker-apache,Organization,0,19,supervisord,cmd
marcko/docker-sails-grunt-cli,User,0,26,supervisord,cmd
messyOne/Loo-Framework,User,2,65,supervisord,cmd
tiagoantao/virtual-core,User,4,10,supervisord,cmd
yckrasnodar/docker,User,0,14,supervisord,cmd
DataDog/docker-dd-agent,Organization,138,19,supervisord,cmd
altran/_Whydah,Organization,1,26,supervisord,cmd
thanhson1085/angular-admin-seed,User,6,28,supervisord,cmd
cmosher01/Epple-II,User,10,27,supervisord,cmd
rhlobo/github_jackdaw,User,0,26,supervisord,cmd
tsari/xdebug,User,0,21,supervisord,cmd
Runbook/runbook-ops,Organization,12,19,supervisord,cmd
macropin/docker-mailserver,Organization,0,20,supervisord,cmd
ophal/core,Organization,36,28,supervisord,cmd
WIZARD-CXY/dockerCF,User,0,41,supervisord,cmd
CivicKnowledge/ambry-admin,Organization,0,43,supervisord,cmd
masatoshiitoh/dockerfiles,User,0,30,supervisord,cmd
RobLoach/Dockie,User,45,13,supervisord,cmd
diegocortassa/docker-tactic,User,3,34,supervisord,cmd
linkthrow/docker-mp4-box,User,2,10,supervisord,cmd
qnib/docker-u_consul,Organization,0,18,supervisord,cmd
quickbundle/dockerfile,User,0,6,supervisord,cmd
xnlogic/docker-kafka,Organization,0,18,supervisord,cmd
pauldavidgilligan-msm/docker-centos6-base-image,User,0,30,supervisord,cmd
liuhong1happy/docker-lamp,User,0,12,supervisord,cmd
wpp/namnumbers-docker,User,0,16,supervisord,cmd
Pablosan/dev-ws,User,0,8,supervisord,cmd
altermarkive/Matlab-Task-Processing-with-SQS-MCR-Python-S3FS-rsyslog-Ubuntu-Docker-ECS-CloudWatch,User,0,27,supervisord,cmd
litalex/trnews,User,0,9,supervisord,cmd
Sitback/docker-containers,Organization,1,21,supervisord,cmd
97ying/kafka,User,0,13,supervisord,cmd
wakaru44/docker.url_check_service,User,0,7,supervisord,cmd
gbisheimer/WheneverBackup,User,0,5,supervisord,cmd
numkem/docker-mailgraph,User,0,14,supervisord,cmd
Dockerlover/docker-rails,Organization,0,13,supervisord,cmd
dockhippie/postfix,Organization,2,17,s6,cmd
Dockerlover/docker-discover,Organization,0,15,supervisord,cmd
mgkwill/docker-openvswitch,User,1,22,supervisord,cmd
otahi/docker_lbspec_test,User,0,14,supervisord,cmd
mgkwill/docker-openvswitch,User,1,22,supervisord,cmd
luckypool/dockerfile-development-db,User,0,38,monit,cmd
ishiidaichi/apache-php-mongo-phalcon-docker,User,5,22,supervisord,cmd
paulrosania/postfix-lmtp,User,0,15,supervisord,cmd
frosenberg/fek-docker-demo,User,1,17,supervisord,cmd
therandomsecurityguy/keystone-docker,User,0,11,supervisord,cmd
coinzen/coinage,Organization,0,26,supervisord,cmd
jsonnull/LEMH,User,4,18,supervisord,cmd
ieconomics/hbase-docker,User,1,16,supervisord,cmd
inthecloud247/kdocker-hipache,User,0,13,supervisord,cmd
a-jullien/docker-elastic-mongo,User,0,19,supervisord,cmd
dianpou/dockerfile,Organization,2,5,supervisord,cmd
socketplane/docker-ovs,Organization,116,22,supervisord,cmd
ChristianKniep/docker-reposerver,User,0,8,supervisord,cmd
ripple/docker-fdb-server,Organization,1,19,supervisord,cmd
leoncamel/docker-brew-datacanvas-base,User,0,9,supervisord,cmd
xorpd/fcatalog_docker,User,4,14,supervisord,cmd
msbeiti/conpot-in-tpot,User,0,31,supervisord,cmd
adomenech73/CoreOS,User,0,19,supervisord,cmd
mhor/docker-nginx-php-fpm,User,1,31,supervisord,cmd
FlyingPie/docker-services,User,1,18,supervisord,cmd
Runbook/runbook-ops,Organization,12,19,supervisord,cmd
vinc3nt/laverna,User,1,10,supervisord,cmd
esnet/docker,Organization,5,17,supervisord,cmd
samling/KiwiIRC-Docker,User,0,16,supervisord,cmd
ppepos/drunken-shame,User,2,13,supervisord,cmd
allisson/docker-mysql,User,4,27,supervisord,cmd
CentOS/CentOS-Dockerfiles,Organization,763,33,supervisord,cmd
jedisct1/spark-kafka-docker,User,12,37,supervisord,cmd
C4Tech/docker-centreon-server,Organization,0,15,supervisord,cmd
sumonchai/tough,User,0,10,supervisord,cmd
phaneendra/ansible-control,User,0,13,supervisord,cmd
hyperhq/hypercli,Organization,56,14,supervisord,cmd
noeljarencio/supervisord-nginx-phpfpm-openvpn,User,0,18,supervisord,cmd
marcelbirkner/docker-ci-tool-stack,User,380,46,supervisord,cmd
nlamirault/tchoupi,User,0,15,supervisord,cmd
timlinux/docker-projects,User,1,16,supervisord,cmd
linuschien/Dockerfile,User,0,23,supervisord,cmd
Freddrickk/adagios-frontend,User,0,13,supervisord,cmd
CanalTP/fabric_navitia,Organization,1,19,supervisord,cmd
tallycheck/data-core,Organization,0,9,supervisord,cmd
kierenbeckett/sentinel,User,1,8,supervisord,cmd
jokester/Dockerfiles,User,7,10,s6,cmd
wurstmeister/storm-docker,User,183,5,supervisord,cmd
ChristianKniep/docker-foxserver,User,0,25,supervisord,cmd
fedora-cloud/Fedora-Dockerfiles,Organization,307,31,supervisord,cmd
zhongpei/docker-supervisor,User,0,8,supervisord,cmd
jasuarez/dockerfiles,User,2,12,supervisord,cmd
OleksiiOleksenko/dockerized-django,User,1,16,supervisord,cmd
DBeath/flask-feedrsub,User,2,15,supervisord,cmd
qnib/docker-graphite-api,Organization,1,11,supervisord,cmd
mozilla/MozDef,Organization,1249,48,supervisord,cmd
40thoughts/docker-Yify-Pop,User,1,22,supervisord,cmd
mgkwill/docker-openvswitch,User,1,22,supervisord,cmd
bryanheinz/docker-recipes,User,0,15,supervisord,cmd
iamdork/container,Organization,0,9,supervisord,cmd
ChristianKniep/centos6-jenkins,User,0,8,supervisord,cmd
cjhardekopf/docker-apt-cacher-ng,User,0,8,supervisord,cmd
talkincode/ToughNMS,Organization,4,8,supervisord,cmd
WillemElbers/docker-collectd-graphite,User,0,28,supervisord,cmd
mirceaalexandru/seneca-riak-store,User,1,14,supervisord,cmd
openstack/bansho,Organization,20,24,supervisord,cmd
MichaelVL/osm-analytic-tracker,User,23,33,supervisord,cmd
dockingbay/centos-prosody,Organization,2,16,supervisord,cmd
mogproject/dockerfiles,User,0,17,supervisord,cmd
progtologist/docker-ruby,User,0,12,supervisord,cmd
cng-thg/dockerfiles,User,0,18,supervisord,cmd
mgkwill/docker-openvswitch,User,1,22,supervisord,cmd
mgkwill/docker-openvswitch,User,1,22,supervisord,cmd
aterreno/docker-clojure-hello-world,User,6,17,supervisord,cmd
robcza/intelmq-dockerhub,User,0,38,supervisord,cmd
leanrobot/contestsite-docker,User,0,19,supervisord,cmd
picoded/dockerfiles,Organization,3,9,system.d,cmd
docker-build/p2p,Organization,13,7,supervisord,cmd
skippy/docker-redis,User,0,12,supervisord,cmd
TOTVS/mdmpublic,Organization,2,10,supervisord,cmd
njvijay/docker-storm-repo,User,0,9,supervisord,cmd
cjhardekopf/docker-collectd,User,0,11,supervisord,cmd
dgtl-llc/confluence-docker,Organization,0,28,supervisord,cmd
Dockerlover/docker-2048,Organization,1,8,supervisord,cmd
MSUAS-15SoSe-MProj/diperf,Organization,1,23,supervisord,cmd
askz/Polydesk,User,3,28,supervisord,cmd
tendrilinc/marathon-autoscaler,Organization,33,8,supervisord,cmd
yuusuke/Dockerfiles,User,0,32,supervisord,cmd
abelnation/statsy-docker,User,0,50,supervisord,cmd
inthecloud247/kdocker-elasticsearch,User,0,8,supervisord,cmd
whlee21/docker,User,1,10,supervisord,cmd
qnib/docker-pxe,Organization,1,47,supervisord,cmd
sharestack/dockerfiles,Organization,1,18,supervisord,cmd
Krijger/docker-cookbooks,User,267,6,supervisord,cmd
Nitro/haproxy-api,Organization,4,10,s6,cmd
tierpod/docker-images,User,1,10,supervisord,cmd
cloudfoundry-incubator/lattice-release,Organization,778,14,supervisord,cmd
board-game-engine/ansible,Organization,0,11,supervisord,cmd
ld-test/vanilla,Organization,0,27,supervisord,cmd
marchandd/term_ssh_root_firefox,User,2,17,supervisord,cmd
Jamesits/docker-dst-server,User,14,32,supervisord,cmd
LabAdvComp/docker-slurmctld,Organization,1,6,supervisord,cmd
poldracklab/crn-app-registration-tool,Organization,0,49,supervisord,cmd
ariarijp/dockerfiles,User,1,12,supervisord,cmd
jumanjiman/dockerfiles,User,0,14,supervisord,cmd
socketplane/docker-ovs,Organization,116,22,supervisord,cmd
otakukaze/docker-c9,User,0,22,supervisord,cmd
IslandZero/docker-phabricator,Organization,1,25,supervisord,cmd
ianblenke/deis-chef-docker,User,0,17,supervisord,cmd
AdmaticITServices/mongodb,Organization,0,22,supervisord,cmd
poldracklab/crn-app-registration-tool,Organization,0,13,supervisord,cmd
altran/_Whydah,Organization,1,28,supervisord,cmd
asmundg/docker-owncloud,User,1,15,supervisord,cmd
nicokaiser/docker-batsd,User,2,20,supervisord,cmd
francois-vincent/yadio,User,0,28,supervisord,cmd
Dockerlover/docker-java,Organization,0,12,supervisord,cmd
nihildeb/dock,User,0,10,supervisord,cmd
LuisPalacios/base-gitolite,User,0,26,supervisord,cmd
bjasko/docker-smtp-bug,User,0,12,supervisord,cmd
medined/docker-lumify,User,0,13,supervisord,cmd
Sitback/docker-containers,Organization,1,13,supervisord,cmd
sumonchai/tough,User,0,8,supervisord,cmd
bitgandtter/sf-v-d,User,0,10,supervisord,cmd
laikacultural/spaceport,Organization,4,24,supervisord,cmd
pneisen/memcache-ssl-session-cache-test,User,0,20,supervisord,cmd
sysdia/thumbifier,Organization,1,8,supervisord,cmd
5t111111/docker-jsdav,User,0,16,supervisord,cmd
kevana/ummbNet,User,2,16,supervisord,cmd
Locu/chronology,Organization,58,12,supervisord,cmd
io-informatics/transmart-docker,Organization,2,22,supervisord,cmd
chinthakagodawita/docker-containers,Organization,1,13,supervisord,cmd
lyddonb/statsd_graphite_docker,User,0,34,supervisord,cmd
FINRAOS/yum-nginx-api,Organization,28,20,supervisord,cmd
anjesh/docker-resourcecontracts.org,User,0,32,supervisord,cmd
JoeJasinski/WindyTransit,User,2,29,supervisord,cmd
sinfere/dockerfile,User,0,22,supervisord,cmd
ruimo/df-ubu1404-pgsql934,User,0,25,monit,cmd
sedsimon/docker-supervisord,User,0,13,supervisord,cmd
lovelvye/dockerlibrary,User,0,11,supervisord,cmd
patrickocoffeyo/drupalcraft,User,3,23,supervisord,cmd
xjchengo/docker-nginx-php,User,1,29,supervisord,cmd
igaki/Dockerfiles,User,0,21,monit,cmd
takara9/Docker_on_SoftLayer,User,0,22,supervisord,cmd
adamruzicka/dockerfiles,User,0,11,runit,cmd
abevoelker/docker-elasticsearch,User,2,24,supervisord,cmd
Yannig/meetup-ansible-paris-9,User,2,11,system.d,cmd
taka0125/docker,User,0,18,supervisord,cmd
malditogeek/vmux,User,573,13,supervisord,cmd
zatosource/zato-build,User,7,31,supervisord,cmd
dtag-dev-sec/elk,Organization,10,32,supervisord,cmd
jumpinjackie/mapguide-centos-docker,User,1,15,supervisord,cmd
binhex/arch-tvheadend,User,2,10,supervisord,cmd
binhex/arch-sabnzbdvpn,User,4,14,supervisord,cmd
chinthakagodawita/docker-containers,Organization,1,43,supervisord,cmd
hamperbot/hamper,Organization,18,14,supervisord,cmd
Dockerlover/docker-jenkins,Organization,0,10,supervisord,cmd
Dockerlover/docker-tornado,Organization,0,9,supervisord,cmd
ppepos/drunken-shame,User,2,14,supervisord,cmd
nuxeo/nuxeo-tools-docker,Organization,11,22,supervisord,cmd
schibsted-seals/wordpress-docker-example,Organization,2,24,supervisord,cmd
artem-sidorenko/vagrant-environments,User,2,8,supervisord,cmd
cmheisel/project-status-dashboard,User,4,14,supervisord,cmd
jmarin/devops,User,0,25,supervisord,cmd
dockerfile/supervisor,Organization,16,5,supervisord,cmd
K-Phoen/docker-owncloud,User,0,24,supervisord,cmd
xunxunzgq/open-hackathon-bak_01,User,0,26,supervisord,cmd
muccg/docker-openstack,Organization,4,8,supervisord,cmd
philchristensen/antioch,User,11,36,supervisord,cmd
carlobifulco/immunoscore_results,User,0,29,supervisord,cmd
EmergingTechnologyInstitute/acmeair-netflixoss-dockerlocal,Organization,33,16,supervisord,cmd
CentOS/CentOS-Dockerfiles,Organization,763,23,supervisord,cmd
WebHostingCoopTeam/whc-icinga2,Organization,0,15,supervisord,cmd
futurice/vimma2,Organization,1,58,supervisord,cmd
Cogniteinc/docker-neo4j,Organization,2,17,supervisord,cmd
adsabs/adsabs-vagrant,Organization,0,14,supervisord,cmd
mgkwill/docker-openvswitch,User,1,22,supervisord,cmd
ChristianKniep/docker-qnibng,User,0,15,supervisord,cmd
ninjasphere/usvc-runtime,Organization,0,8,supervisord,cmd
Runbook/runbook-ops,Organization,12,33,supervisord,cmd
vinc3nt/laverna,User,1,11,supervisord,cmd
AKSW/SemanticPingback-Server,Organization,1,10,supervisord,cmd
tokyo-jesus/fossil-server,User,0,19,supervisord,cmd
markvnext/aspnet-docker,Organization,0,22,supervisord,cmd
raintreeinc/knowledgebase,Organization,14,16,supervisord,cmd
dnhsoft/docker-php,Organization,0,12,supervisord,cmd
supervisorg/supervisorg,Organization,7,35,supervisord,cmd
lucee/lucee-dockerfiles,Organization,25,14,supervisord,cmd
philalex/docker-privoxy-tor,User,1,19,supervisord,cmd
laikacultural/spaceport,Organization,4,28,supervisord,cmd
C4Tech/docker-centreon-server,Organization,0,15,supervisord,cmd
ASTechTalk/1-my-paas-by-docker,Organization,0,57,supervisord,cmd
zatosource/zato-build,User,7,42,supervisord,cmd
oodt-cloud/docker,Organization,0,16,supervisord,cmd
creative-area/docker-varnish-consultemplate,Organization,1,20,supervisord,cmd
autodesk-cloud/ochonetes,Organization,28,13,supervisord,cmd
tcaxias/docker,User,2,15,supervisord,cmd
adomenech73/CoreOS,User,0,18,supervisord,cmd
chinthakagodawita/docker-containers,Organization,1,27,supervisord,cmd
snakeskin/docker_bamboo_server,User,0,11,supervisord,cmd
socketplane/docker-ovs,Organization,116,22,supervisord,cmd
feelinc/my-docker-containers,User,1,17,supervisord,cmd
asm-products/runbook-ops,Organization,12,33,supervisord,cmd
solarkennedy/ipmi-kvm-docker,User,5,16,supervisord,cmd
Krijger/docker-cookbooks,User,267,4,supervisord,cmd
Jahroots/docker-xbmc-video-server,User,2,17,supervisord,cmd
sspreitzer/fedora-docker,User,0,13,supervisord,cmd
CSC-IT-Center-for-Science/pouta-blueprints,Organization,4,20,supervisord,cmd
idevz/vanilla,User,601,27,supervisord,cmd
pythias/mock.docker,User,4,35,supervisord,cmd
HubSpot/Baragon,Organization,68,18,supervisord,cmd
abn/dockerfiles,User,1,15,supervisord,cmd
abn/dockerfiles,User,1,38,supervisord,cmd
parente/dockerfiles,User,23,10,supervisord,cmd
edannenberg/gentoo-bb,User,49,8,s6,cmd
netkicorp/addressimo,Organization,9,20,supervisord,cmd
ChristianKniep/docker-slurm,User,2,44,supervisord,cmd
irusri/GenIECMS,User,0,23,supervisord,cmd
adsabs/adsabs-vagrant,Organization,0,14,supervisord,cmd
ioggstream/dockerfiles,User,3,13,supervisord,cmd
MagIciaNGTAO/docker,User,0,24,supervisord,cmd
ChristianKniep/docker-grafana,User,2,29,supervisord,cmd
alexcheng1982/docker-grafana-influxdb,User,3,20,supervisord,cmd
x3rus/Training_docker,User,0,16,supervisord,cmd
rstiller/dockerfiles,User,14,16,supervisord,cmd
1dot75cm/copr-deploy,User,2,9,system.d,cmd
hernad/docker-smtp,User,0,7,supervisord,cmd
jdash/docker-files,User,2,10,supervisord,cmd
camunda-ci/camunda-docker-qemu-packer,Organization,2,10,supervisord,cmd
xjchengo/docker-nginx-php,User,1,29,supervisord,cmd
E96/yii2-app-in-docker-example,Organization,2,6,supervisord,cmd
edannenberg/gentoo-bb,User,49,12,s6,cmd
N4SJAMK/noisegen,Organization,0,21,supervisord,cmd
97ying/kafka,User,0,16,supervisord,cmd
Duke-GCB/TF-DNA-PredictionsDB,Organization,0,14,supervisord,cmd
mgkwill/docker-openvswitch,User,1,22,supervisord,cmd
phpmentors-jp/docker-images,Organization,17,37,supervisord,cmd
binhex/arch-deluge,User,3,14,supervisord,cmd
PTAnywhere/ptAnywhere-installation,Organization,0,21,supervisord,cmd
edilio/docker_gunicorn_nginx,User,0,16,supervisord,cmd
io-informatics/transmart-docker,Organization,2,22,supervisord,cmd
hjem/hjem-raspberry-pi,Organization,0,31,supervisord,cmd
laikacultural/spaceport,Organization,4,27,supervisord,cmd
lingz/docker-wordpress-nginx,User,0,32,supervisord,cmd
liuhong1happy/ConsoleWindowApp,User,2,8,supervisord,cmd
leftxs/plone.debian,Organization,0,16,supervisord,cmd
laikacultural/spaceport,Organization,4,22,supervisord,cmd
fedora-cloud/Fedora-Dockerfiles,Organization,307,21,supervisord,cmd
jslucas/docker-supervisor,User,0,8,supervisord,cmd
fikrimuhal/animated-potato,Organization,6,8,supervisord,cmd
mgkwill/docker-openvswitch,User,1,22,supervisord,cmd
thomasbilk/docker_mailcatcher,User,0,10,supervisord,cmd
ruo91/docker-freebsd-compat,User,1,14,supervisord,cmd
PeterGrace/opentsdb-docker,User,19,48,supervisord,cmd
anduintransaction/Dockerfiles,Organization,1,17,supervisord,cmd
socketwench/deninet.com,User,0,13,supervisord,cmd
thanhson1085/dockerize-app,User,0,34,supervisord,cmd
bugzilla/docker-bugzilla-ci,Organization,2,36,supervisord,cmd
nihildeb/dock,User,0,15,supervisord,cmd
onesysadmin/docker-ci-hubot,Organization,0,15,supervisord,cmd
io-informatics/transmart-docker,Organization,2,17,supervisord,cmd
dianpou/dockerfile,Organization,2,25,supervisord,cmd
muccg/docker-openstack,Organization,4,9,supervisord,cmd
ka2er/docker-files,User,5,24,supervisord,cmd
flaprimo/docker-hhvm,User,0,21,supervisord,cmd
eugeneware/docker-wordpress-nginx,User,732,32,supervisord,cmd
sherzberg/docker-tor-http-proxy,User,7,13,supervisord,cmd
Jooho/sample-docker,User,1,28,supervisord,cmd
bestony/kangle,User,0,16,supervisord,cmd
ZsLinw/codeblog,User,4,21,supervisord,cmd
altran/_Whydah,Organization,1,28,supervisord,cmd
pdaether/opsdash-docker,User,1,14,supervisord,cmd
drugis/dockerfiles,Organization,0,25,supervisord,cmd
allisson/docker-mongodb,User,1,26,supervisord,cmd
parente/dockerfiles,User,23,20,supervisord,cmd
indiehosters/docker-postfix,Organization,1,17,supervisord,cmd
CentOS/CentOS-Dockerfiles,Organization,763,23,supervisord,cmd
CentOS/CentOS-Dockerfiles,Organization,763,23,supervisord,cmd
rehabstudio/docker-autodns,Organization,5,16,supervisord,cmd
philalex/docker-lutim,User,0,21,supervisord,cmd
zxiiro/lamp,User,0,12,supervisord,cmd
romeOz/docker-nginx-php,User,42,16,supervisord,cmd
andrewmclagan/aphex,User,0,12,supervisord,cmd
ariestiyansyah/atlas,User,0,21,supervisord,cmd
laikacultural/spaceport,Organization,4,22,supervisord,cmd
michael-bouvy/dockerfiles,User,0,12,supervisord,cmd
plotly/baseimage,Organization,0,14,supervisord,cmd
blang/dockerfiles,User,0,13,supervisord,cmd
CentOS/CentOS-Dockerfiles,Organization,763,33,supervisord,cmd
erwinvaneyk/Dragons-Arena,User,1,28,supervisord,cmd
MSUAS-15SoSe-MProj/diperf,Organization,1,11,supervisord,cmd
Jabsouliman/docker-php7-fpm,User,0,31,supervisord,cmd
maci0/docker-freeipa-client,User,1,13,system.d,cmd
chifamba/glassfish,User,0,48,supervisord,cmd
lucee/lucee-dockerfiles,Organization,25,14,supervisord,cmd
disconn3ct/docker-sshd-otp,User,4,21,supervisord,cmd
oodt-cloud/docker,Organization,0,11,supervisord,cmd
ggriffin924/centos-ssh,User,0,33,supervisord,cmd
LuisPalacios/base-fluentd,User,0,18,supervisord,cmd
muccg/docker-openstack,Organization,4,8,supervisord,cmd
bioinformatics-ptp/dockerfiles,Organization,1,16,supervisord,cmd
mgkwill/docker-openvswitch,User,1,22,supervisord,cmd
wangxiaomo/docker-centos-files,User,0,51,supervisord,cmd
koudaiii/docker_nginx_centos,User,1,37,supervisord,cmd
sbmandava/nscale-bigdata-blue-print1,User,0,17,supervisord,cmd
William-Yeh/ansible-monit,User,6,7,monit,cmd
ppepos/drunken-shame,User,2,13,supervisord,cmd
tierpod/docker-images,User,1,12,supervisord,cmd
panubo/Dockerfiles,Organization,3,15,s6,cmd
maxmouchet/docker-ngircd,User,2,9,supervisord,cmd
coinzen/devcoin,Organization,2,18,supervisord,cmd
mgkwill/docker-openvswitch,User,1,22,supervisord,cmd
altran/_Whydah,Organization,1,55,supervisord,cmd
kammy/my-dev-vagrant,User,0,32,supervisord,cmd
abhijitsarkar/docker,User,0,11,supervisord,cmd
blab2015/Bigfoot,User,0,18,supervisord,cmd
opreaadrian/docker-adobe-media-server,User,4,26,supervisord,cmd
Dockerlover/docker-java,Organization,0,16,supervisord,cmd
dockhippie/drone,Organization,2,19,s6,cmd
francois-docker/percona56,Organization,0,19,supervisord,cmd
netkicorp/addressimo,Organization,9,24,supervisord,cmd
StackFocus/PostMaster,Organization,7,13,supervisord,cmd
pastcompute/sentrifarm,User,5,14,supervisord,cmd
witalisoft/infomarquee,User,0,12,supervisord,cmd
binhex/arch-nzbget,User,1,14,supervisord,cmd
rokkie/docker-apache,User,0,13,supervisord,cmd
stanleyxu2005/docker-kafka,User,1,13,supervisord,cmd
jmatis/ubuntu,User,0,19,supervisord,cmd
dodwmd/docker-puppetmaster,User,0,25,supervisord,cmd
gi4nks/rancher-server-v0.32.0,User,0,28,s6,cmd
pauldavidgilligan-msm/sp7987,User,0,42,supervisord,cmd
theotow/gitmonitor-server,User,2,14,supervisord,cmd
eshioji/docker-ipython,User,0,19,supervisord,cmd
carbonsphere/docker-centos6-php-nginx,User,0,15,supervisord,cmd
alevin/docker-monit_base_centos,User,0,10,monit,cmd
disaster37/activemq,User,26,31,supervisord,cmd
neemzy/gitboard,User,1,19,supervisord,cmd
elastisys/scale.cloudpool,User,1,24,supervisord,cmd
DBeath/push-tester,User,0,15,supervisord,cmd
elastisys/scale.cloudpool,User,1,26,supervisord,cmd
firecat53/dockerfiles,User,263,12,supervisord,cmd
LuisPalacios/base-imapfilter,User,0,24,supervisord,cmd
marchandd/vncxvfb_wine_firefox,User,5,22,supervisord,cmd
pschiffe/rsyslog-elasticsearch-kibana,User,16,22,supervisord,cmd
mko-x/docker-pydio,User,0,38,supervisord,cmd
Kahn/docker-sks,User,0,26,supervisord,cmd
catmaid/CATMAID,Organization,66,37,supervisord,cmd
tommyblue/docker-rails-rbenv,User,0,33,supervisord,cmd
mwojcikowski/discus-deploy,User,1,51,supervisord,cmd
Krijger/docker-cookbooks,User,267,6,supervisord,cmd
dockhippie/gitea,Organization,3,24,s6,cmd
szaydel/ipython-docker,User,2,24,supervisord,cmd
artem-sidorenko/vagrant-environments,User,2,8,supervisord,cmd
nhantran/docker-images,User,0,16,supervisord,cmd
bsteinberg/sensu-core,User,0,44,supervisord,cmd
stackforge/bansho,Organization,20,24,supervisord,cmd
wurstmeister/storm-docker,User,183,9,supervisord,cmd
novice79/centos,User,0,11,supervisord,cmd
andrewtarry/docker-elk,User,0,25,supervisord,cmd
C4Tech/docker-centreon-server,Organization,0,10,supervisord,cmd
takara9/Docker_on_SoftLayer,User,0,22,supervisord,cmd
Jooho/sample-docker,User,1,28,supervisord,cmd
socketplane/docker-ovs,Organization,116,22,supervisord,cmd
jasuarez/dockerfiles,User,2,21,supervisord,cmd
rkneufeld/pedestal-micro,User,40,8,supervisord,cmd
greigdp/docker-cloud9,User,0,30,supervisord,cmd
Vauxoo/docker-postgresql,Organization,0,19,supervisord,cmd
allisson/docker-postgresql,User,9,29,supervisord,cmd
jeyk/docker-icinga2,User,2,20,supervisord,cmd
perigee/myDockerfile,User,0,14,supervisord,cmd
EmergingTechnologyInstitute/acmeair-netflixoss-dockerlocal,Organization,33,5,supervisord,cmd
asg1612/dockerfile-postgresql,User,0,16,supervisord,cmd
Dockerlover/docker-redis,Organization,0,8,supervisord,cmd
Dockerlover/docker-tornado,Organization,0,9,supervisord,cmd
CanalTP/fabric_navitia,Organization,1,25,supervisord,cmd
seven5/tutorial,Organization,1,31,supervisord,cmd
supervisorg/supervisorg,Organization,7,35,supervisord,cmd
RobLoach/Dockie,User,45,35,supervisord,cmd
london-escience/tempss,Organization,1,22,supervisord,cmd
Fabrik/docker,Organization,0,23,supervisord,cmd
zdw/xos,User,0,14,supervisord,cmd
nostradamIQ/webapp,Organization,0,11,supervisord,cmd
miquelo/storm-core,User,0,9,supervisord,cmd
laikacultural/spaceport,Organization,4,22,supervisord,cmd
LaCasemate/fab-manager,Organization,63,34,supervisord,cmd
FredrikSandell/ssh-hub,User,6,18,supervisord,cmd
pauldavidgilligan-msm/docker-centos6-puppet-ruby214,User,0,16,supervisord,cmd
muccg/docker-openstack,Organization,4,9,supervisord,cmd
qilong0/docker,User,0,14,supervisord,cmd
Sitback/docker-containers,Organization,1,48,supervisord,cmd
artem-sidorenko/vagrant-environments,User,2,8,supervisord,cmd
Tairy/dockerfiles,User,1,17,supervisord,cmd
miiton/docker-ubuntu,User,0,14,supervisord,cmd
elithrar/supervisord,User,3,15,supervisord,cmd
medined/docker-lumify,User,0,4,supervisord,cmd
abn/dockerfiles,User,1,11,supervisord,cmd
socketplane/docker-ovs,Organization,116,22,supervisord,cmd
pharsfalvi/apt-timezone,Organization,0,21,supervisord,cmd
neo4j-contrib/twitter-neo4j,Organization,28,24,supervisord,cmd
whlee21/docker,User,1,10,supervisord,cmd
ryuzee/sandbox-devops,User,46,14,supervisord,cmd
linefeedse/korjournal,User,0,27,supervisord,cmd
artburkart/docker-chicagoboss,User,0,9,supervisord,cmd
firecat53/dockerfiles,User,263,14,supervisord,cmd
jbonachera/docker-consul-template,User,0,17,supervisord,cmd
glenux/docker-lampbox,User,0,13,supervisord,cmd
opencord/xos,Organization,0,21,supervisord,cmd
Nilson89/docker-php56-dev,User,0,22,supervisord,cmd
ibm-watson-iot/connector-statsd,Organization,1,11,supervisord,cmd
40thoughts/docker-DelugeWebUI,User,0,16,supervisord,cmd
roberts1914/dockertest,User,0,20,supervisord,cmd
david-guenault/docker-projects,User,0,31,supervisord,cmd
olivetree123/redash-x,User,0,25,supervisord,cmd
docent-net/Dockerfiles,User,0,11,supervisord,cmd
epfl-sti/octave-x11-novnc-docker,Organization,15,26,supervisord,cmd
chinthakagodawita/docker-containers,Organization,1,26,supervisord,cmd
sameersbn/docker-openfire,User,53,23,supervisord,cmd
howtox/howtox-server,User,2,22,supervisord,cmd
takara9/Docker_on_SoftLayer,User,0,18,supervisord,cmd
edpaget/docker-nginx,User,0,17,supervisord,cmd
minatsu/docker,User,0,48,supervisord,cmd
miebach/docker-base,Organization,0,11,supervisord,cmd
wglass/lighthouse,User,12,18,supervisord,cmd
Locu/chronology,Organization,58,18,supervisord,cmd
elastisys/scale.cloudpool,User,1,24,supervisord,cmd
hacklabr/viradacultural-social-api,Organization,0,33,supervisord,cmd
samsara/samsara,Organization,53,16,supervisord,cmd
usr000/outlier-detection,User,0,8,supervisord,cmd
laikacultural/spaceport,Organization,4,30,supervisord,cmd
jonfk/titan-docker,User,0,17,supervisord,cmd
mgkwill/docker-openvswitch,User,1,22,supervisord,cmd
WIZARD-CXY/dockerCF,User,0,13,supervisord,cmd
mogproject/dockerfiles,User,0,15,supervisord,cmd
catatnight/docker-freeradius,User,22,15,supervisord,cmd
udomsak/thaiopensource-tut,User,0,25,supervisord,cmd
walidbenchikha/myflask,User,0,17,supervisord,cmd
julienvincent/docker-nginx-php,User,0,16,supervisord,cmd
PFCM/old-horoscopes,User,0,17,supervisord,cmd
novice79/letsencrypt,User,0,13,supervisord,cmd
rhasselbaum/docker-scrappy-ddns,User,0,18,supervisord,cmd
webdevops/Neos-docker-boilerplate,Organization,7,23,supervisord,cmd
tcaxias/docker,User,2,20,supervisord,cmd
SUSE/zypper-docker,Organization,16,14,supervisord,cmd
Fabrik/docker,Organization,0,23,supervisord,cmd
quickbundle/dockerfile,User,0,9,supervisord,cmd
snakie/dailyimpactfact,User,0,18,supervisord,cmd
sdd330/devenv_dockerfile,User,0,21,supervisord,cmd
rhlobo/bigtempo_server,User,0,27,supervisord,cmd
automagicallydone/docker-glpi,Organization,0,15,supervisord,cmd
vl0ms/docker-armhf-torrentbox,User,1,46,supervisord,cmd
opsolutely/flask-nginx-starter,Organization,0,26,supervisord,cmd
socketplane/docker-ovs,Organization,116,22,supervisord,cmd
qnib/docker-elasticsearch,Organization,0,11,supervisord,cmd
ehazlett/interlock,User,780,14,supervisord,cmd
thamizarasu/modsecurity,User,0,10,supervisord,cmd
cng-thg/dockerfiles,User,0,14,supervisord,cmd
qLb/arch-btsync,User,0,11,supervisord,cmd
hoshinotsuyoshi/dind-jenkins,User,0,15,supervisord,cmd
autodesk-cloud/ochonetes-kafka,Organization,6,13,supervisord,cmd
fedora-cloud/Fedora-Dockerfiles,Organization,307,11,supervisord,cmd
Runbook/runbook-ops,Organization,12,19,supervisord,cmd
opencord/xos,Organization,0,14,supervisord,cmd
Co-opComplete/K4,Organization,2,19,supervisord,cmd
talkincode/ToughRADIUS,Organization,192,10,supervisord,cmd
ChristianKniep/docker-jenkins,User,0,8,supervisord,cmd
dmatosl/lb,User,6,5,supervisord,cmd
neich/fiware-docker,User,1,8,supervisord,cmd
Odania-IT/mailcatcher-docker,Organization,2,12,supervisord,cmd
bioinformatics-ptp/dockerfiles,Organization,1,25,supervisord,cmd
navicore/riak,User,0,14,supervisord,cmd
dockerfiles/centos-lamp,Organization,16,21,supervisord,cmd
DieterReuter/docker-etcd,User,0,12,supervisord,cmd
mrlake/docker-rpi-lms,User,0,38,supervisord,cmd
chinthakagodawita/docker-containers,Organization,1,14,supervisord,cmd
mattb/zoocker,User,1,14,supervisord,cmd
csabakollar/d_spacewalk,User,1,23,supervisord,cmd
lingya/docker-spark,User,0,4,supervisord,cmd
shufo/jenkins-slave-centos,User,0,30,supervisord,cmd
binhex/arch-jenkins,User,3,11,supervisord,cmd
ppepos/drunken-shame,User,2,13,supervisord,cmd
smatejina/laravel-docker,User,0,26,supervisord,cmd
CognitiveScale/docker-neo4j,Organization,0,16,supervisord,cmd
rikel/groupdynamics,User,0,27,supervisord,cmd
hangim/kcp-shadowsocks-docker,User,5,13,supervisord,entrypoint
300brand/ocular8.net,Organization,0,20,supervisord,entrypoint
hangim/kcp-shadowsocks-docker,User,5,13,supervisord,entrypoint
300brand/ocular8.net,Organization,0,20,supervisord,entrypoint
ntfc/runit-with-docker,User,0,11,runit,entrypoint
igprof/igprof-io,Organization,0,7,supervisord,entrypoint
Kaniabi/gir,User,0,9,supervisord,entrypoint
piontec/gke-jenkins-docker,User,6,33,supervisord,entrypoint
B-Galati/dockerfiles,User,0,12,supervisord,entrypoint
bitherder/bitherder-docker-test,User,0,11,runit,entrypoint
GoogleCloudPlatform/jenkins-packer-agent,Organization,14,26,supervisord,entrypoint
izuolan/dockerfiles,User,7,20,supervisord,entrypoint
aescanero/elasticmmldap,User,0,10,supervisord,entrypoint
iainmckay/heliumd,User,1,24,supervisord,entrypoint
jack19861225/ciscodocker,User,0,15,supervisord,entrypoint
stackhub/service-haproxy,Organization,0,15,supervisord,entrypoint
vaporry/go-ethereum,Organization,0,18,supervisord,entrypoint
UKHomeOffice/docker-nginx-gateway,Organization,1,15,supervisord,entrypoint
vaporry/ethereum-dockers,Organization,0,15,supervisord,entrypoint
vaporry/ethereum-dockers,Organization,0,15,supervisord,entrypoint
b7alt/drupal,User,5,34,supervisord,entrypoint
EarthDollar/farmer,Organization,0,18,supervisord,entrypoint
ysaotome/docker-hubot-devhub,User,0,24,supervisord,entrypoint
kasperisager/vanilla-dockerized,User,8,7,supervisord,entrypoint
JamesLampton/piggybank-squeal,User,8,15,supervisord,entrypoint
kasperisager/vanilla-dockerized,User,8,8,supervisord,entrypoint
socketwench/hello_world,User,1,18,supervisord,entrypoint
benoit-g/baikal,User,1,16,supervisord,entrypoint
vaporry/ethereum-dockers,Organization,0,19,supervisord,entrypoint
Rohithzr/cloud9-auto,User,0,31,supervisord,entrypoint
gigablah/baseimage,User,7,7,s6,entrypoint
zooniverse/warehouse,Organization,0,14,supervisord,entrypoint
osrg/dockerfiles,Organization,9,8,supervisord,entrypoint
messyOne/elvenar_stats,User,0,27,supervisord,entrypoint
alexerm/dockerui-auth,User,5,13,supervisord,entrypoint
xiongjungit/docker-centos,User,2,16,supervisord,entrypoint
zooniverse/Talk-Api,Organization,2,18,supervisord,entrypoint
ruitiagocosta/veinteractive,User,0,19,supervisord,entrypoint
vgiannoul/docker_squared,User,0,19,supervisord,entrypoint
hirokazumiyaji/dockerfiles,User,0,6,supervisord,entrypoint
taeram/hearth,User,4,18,supervisord,entrypoint
kasperisager/vanilla-dockerized,User,8,29,supervisord,entrypoint
huyipow/docker-learing,User,0,16,supervisord,entrypoint
ethereum/ethereum-dockers,Organization,27,19,supervisord,entrypoint
joaodubas/dockerfiles,User,6,15,supervisord,entrypoint
zemogle/starinabox,User,2,10,supervisord,entrypoint
VilniusTechnology/docker-all-laravel-box,Organization,0,27,supervisord,entrypoint
kinow/nestor,User,1,23,supervisord,entrypoint
aescanero/elasticmmldap,User,0,25,supervisord,entrypoint
fadado/shed,User,6,6,supervisord,entrypoint
praveenkumar/DockerFiles,User,1,13,supervisord,entrypoint
gbour/wave,User,12,13,supervisord,entrypoint
zulumarketing/docker-postgresql,Organization,1,21,supervisord,entrypoint
agungf/cloud9-ide,User,11,19,supervisord,entrypoint
jervine/docker-centos-sabsickcouch,User,0,33,supervisord,entrypoint
HowieWang/100DockersTakeMeFly,User,0,19,supervisord,entrypoint
gigablah/alpine-base,User,1,8,s6,entrypoint
jessewei/c9-meanjs,User,0,19,supervisord,entrypoint
rosterloh/docker,User,0,21,supervisord,entrypoint
ncarlier/dockerfiles,User,20,28,supervisord,entrypoint
Juniper/container-networking-builder,Organization,3,30,supervisord,entrypoint
kolabdigital/workshop-27.02.2016,Organization,0,16,supervisord,entrypoint
mc-b/IoTKit,User,3,17,supervisord,entrypoint
ncarlier/dockerfiles,User,20,16,supervisord,entrypoint
squaremo/flux,Organization,85,8,supervisord,entrypoint
taeram/hearth,User,4,18,supervisord,entrypoint
floSoX/docker-pyload,User,0,28,supervisord,entrypoint
TeamHG-Memex/agnostic,Organization,3,14,supervisord,entrypoint
kasperisager/phpstack,User,802,19,supervisord,entrypoint
enil/alpine-supervisord-docker,User,9,6,supervisord,entrypoint
tsturzl/docker-ansible-LEMP,User,1,11,supervisord,entrypoint
taeram/hearth,User,4,16,supervisord,entrypoint
stackhub/service-nginx-lb,Organization,1,17,supervisord,entrypoint
gambol99/nginx-gateway,User,6,15,supervisord,entrypoint
ztombol/dockerfiles,User,1,8,supervisord,entrypoint
zooniverse/geordi,Organization,0,16,supervisord,entrypoint
egbertp/docker-apache2-php5-fpm,User,1,25,supervisord,entrypoint
Nekroze/drydock,User,17,12,supervisord,entrypoint
kasperisager/php-dockerized,User,802,19,supervisord,entrypoint
wuvt/wuvt-site,Organization,5,21,supervisord,entrypoint
behemphi/stack-haproxy,User,0,9,supervisord,entrypoint
nicescale/docker-training,Organization,262,16,supervisord,entrypoint
babiz/Dockerized-PHP-FPM-NGINX-MYSQL,User,0,15,supervisord,entrypoint
wolfeidau/iojs-dockerapp,User,0,19,runit,entrypoint
turret-io/golapa,User,13,9,supervisord,entrypoint
mike-douglas/docker-drupal,User,4,29,supervisord,entrypoint
jack19861225/ciscodocker,User,0,15,supervisord,entrypoint
aescanero/elasticmmldap,User,0,9,supervisord,entrypoint
levidehaan/dockerdroplet,User,0,46,supervisord,entrypoint
dalguete/docker,User,2,14,supervisord,entrypoint
b7alt/drupx,User,0,45,supervisord,entrypoint
Helgart/YASS,User,0,5,supervisord,entrypoint
Levino/letsencrypt-cert-service,User,15,11,supervisord,entrypoint
soilcurrency/go-ethereum,User,0,18,supervisord,entrypoint
ragnar-johannsson/coreos-pam-sshd,User,8,12,system.d,entrypoint
stackhub/service-nginx-lb,Organization,1,17,supervisord,entrypoint
vaporry/ethereum-dockers,Organization,0,15,supervisord,entrypoint
TomasMihalicka/php-docker-stack,User,1,24,supervisord,entrypoint
LCOGT/citsciportal,Organization,0,20,supervisord,entrypoint
hitsumabushi/docker-devhub,User,0,21,supervisord,entrypoint
nicholsn/ansible-role-virtuoso,User,0,7,supervisord,entrypoint
tanlinhnd/docker-fullstack-php,User,2,23,supervisord,entrypoint
aescanero/elasticmmldap,User,0,22,supervisord,entrypoint
ethereum/ethereum-dockers,Organization,27,15,supervisord,entrypoint
hall757/guacamole,User,5,4,monit,entrypoint
cagdascirit/docker-tomcat,User,0,20,supervisord,entrypoint
dalguete/docker,User,2,20,supervisord,entrypoint
praveenkumar/DockerFiles,User,1,19,supervisord,entrypoint
francescou/docker-alfresco,User,0,17,supervisord,entrypoint
taeram/hearth,User,4,16,supervisord,entrypoint
DuncSmith/docker,User,0,15,supervisord,entrypoint
squaremo/ambergreen,Organization,85,8,supervisord,entrypoint
dz0ny/docker-wpdev,User,121,21,supervisord,entrypoint
praveenkumar/DockerFiles,User,1,18,supervisord,entrypoint
Maluuba/docker-files,Organization,20,6,supervisord,entrypoint
de-wiring/containerspec,User,3,10,supervisord,entrypoint
bbriggs/docker-ngircd,User,0,8,supervisord,entrypoint
taeram/hearth,User,4,20,supervisord,entrypoint
keo/docker-ethereum,User,0,15,supervisord,entrypoint
myorb/emma,User,0,23,supervisord,entrypoint
zulumarketing/docker-rabbitmq,Organization,0,17,supervisord,entrypoint
AcalephStorage/dockerfiles,Organization,0,34,supervisord,entrypoint
silentnull/dockerfiles,User,0,11,supervisord,entrypoint
mc-b/IoTKit,User,3,15,supervisord,entrypoint
redpine42/docker,User,0,15,supervisord,entrypoint
BuiltLabs/maintenance-cli,Organization,0,14,supervisord,entrypoint
huyipow/docker-learing,User,0,16,supervisord,entrypoint
saintic/IPLibrary,User,1,10,supervisord,entrypoint
b7alt/drupx,User,0,47,supervisord,entrypoint
ethereum/ethereum-dockers,Organization,27,15,supervisord,entrypoint
taeram/hearth,User,4,16,supervisord,entrypoint
xiongjungit/docker-gitblog,User,1,45,supervisord,entrypoint
francescomalatesta/symfony-dockerized,User,1,19,supervisord,entrypoint
mckomo/Lighthouse-Service,User,2,16,supervisord,entrypoint
coolhacks/docker-hacks,Organization,3,11,supervisord,entrypoint
kurkku/slack-irc-bot-docker,User,0,16,supervisord,entrypoint
giantmonkey/docker-files,Organization,1,22,supervisord,entrypoint
ethereum/ethereum-dockers,Organization,27,15,supervisord,entrypoint
AntreasAntoniou/DeepClassificationBot,User,20,9,supervisord,entrypoint
sunnyluthra/wp-as-a-backend-docker-compose,User,4,17,supervisord,entrypoint
izuolan/dockerfiles,User,7,20,supervisord,entrypoint
huyipow/docker-learing,User,0,16,supervisord,entrypoint
friedrich-j/coreos,User,0,22,supervisord,entrypoint
nicescale/docker-training,Organization,262,16,supervisord,entrypoint
vaporry/ethereum-dockers,Organization,0,15,supervisord,entrypoint
mc-b/IoTKit,User,3,17,supervisord,entrypoint
gambol99/docker-images,User,4,7,supervisord,entrypoint
schlarpc/popcorn,User,0,44,supervisord,entrypoint
zooniverse/aggregation,Organization,8,11,supervisord,entrypoint
ncarlier/dockerfiles,User,20,21,supervisord,entrypoint
PexMor/toolbox,User,0,25,system.d,entrypoint
qlustor/docker-alpine-runit,Organization,0,8,runit,entrypoint
hivetech/hivy,Organization,1,24,supervisord,entrypoint
bkju/infrastructure_as_code,User,0,16,supervisord,entrypoint
SvenDowideit/dockerfiles,User,157,13,runit,entrypoint
dCache/dcache-docker,Organization,1,14,supervisord,entrypoint
huyipow/docker-learing,User,0,30,supervisord,entrypoint
hwuethrich/docker-images,User,47,7,supervisord,entrypoint
stackhub/service-haproxy,Organization,0,15,supervisord,entrypoint
ilkovich/php-dockerize,User,0,21,supervisord,entrypoint
johnafogarty4/docker-ttrss,User,0,7,supervisord,entrypoint
myorb/todoapp,User,0,23,supervisord,entrypoint
